animal_type,date,record_sub_type
0,23-Mar-18,HSWC Spay Resident
0,2-Feb-18,HSWC Spay Resident
0,30-Jan-18,HSWC Spay Resident
0,25-Jan-18,HSWC Neut Resident
0,3-May-18,HSWC Spay Resident
0,5-Jan-18,HSWC Neut Resident
0,3-May-18,HSWC Spay Resident
0,3-May-18,HSWC Spay Resident
0,2-Feb-18,HSWC Spay Resident
0,30-Jan-18,Spay
0,2-Mar-18,HSWC Spay Resident
0,5-Jan-18,HSWC Neut Resident
0,25-Jan-18,HSWC Neut Resident
0,21-Mar-18,Other Procedure
0,25-Jan-18,HSWC Neut Resident
0,2-Mar-18,HSWC Spay Resident
0,26-Jan-18,HSWC Neut Resident
0,26-Jan-18,HSWC Neut Resident
0,26-Jan-18,HSWC Neut Resident
0,14-Feb-18,HSWC Neut Resident
0,2-Feb-18,HSWC Spay Resident
0,2-Mar-18,HSWC Neut Resident
0,2-Mar-18,HSWC Spay Resident
0,2-Mar-18,HSWC Neut Resident
0,2-Mar-18,HSWC Spay Resident
0,21-Mar-18,Other Procedure
0,2-Mar-18,HSWC Neut Resident w/other pro
0,2-Mar-18,HSWC Neut Resident
0,27-Apr-18,HSWC Neut Resident
0,7-Jun-18,HSWC Spay Resident
0,26-Apr-18,HSWC Neut Resident
0,26-Apr-18,HSWC Neut Resident
0,26-Apr-18,HSWC Neut Resident
0,20-Apr-18,HSWC Spay Resident
0,24-Jul-18,HSWC Spay Resident
0,8-Jun-18,HSWC Spay Resident
0,1-Jun-18,HSWC Neut Resident
0,8-Jun-18,HSWC Spay Resident
0,8-Jun-18,HSWC Spay Resident
0,8-Jun-18,HSWC Spay Resident
0,8-Jun-18,HSWC Spay Resident
0,1-Jun-18,HSWC Neut Resident
0,1-Jun-18,HSWC Neut Resident
0,31-May-18,HSWC Neut Resident
0,10-Jul-18,HSWC Spay Resident
0,3-Aug-18,HSWC Spay Resident
0,3-Aug-18,HSWC Spay Resident
0,7-Jun-18,HSWC Spay Resident
0,10-Jul-18,HSWC Spay Resident
0,8-Jun-18,HSWC Neut Resident
0,8-Jun-18,HSWC Spay Resident
0,8-Jun-18,HSWC Spay Resident
0,8-Jun-18,HSWC Neut Resident
0,31-Jul-18,HSWC Spay Resident
0,24-Jul-18,HSWC Neut Resident
0,24-Jul-18,HSWC Spay Resident
0,24-Jul-18,HSWC Spay Resident
0,24-Jul-18,HSWC Neut Resident
0,3-Aug-18,HSWC Spay Resident
0,31-May-18,HSWC Neut Resident
0,16-May-18,HSWC Spay Resident
0,31-May-18,HSWC Neut Resident
0,1-Jun-18,HSWC Neut Resident
0,31-May-18,HSWC Neut Resident
0,3-Aug-18,HSWC Neut Resident
0,7-Sep-18,HSWC Spay Resident
0,10-Aug-18,HSWC Neut Resident
0,10-Aug-18,HSWC Neut Resident
0,28-Jun-18,HSWC Spay Resident
0,28-Jun-18,HSWC Spay Resident
0,28-Jun-18,HSWC Spay Resident
0,28-Jun-18,HSWC Spay Resident
0,28-Jun-18,HSWC Spay Resident
0,28-Jun-18,HSWC Neut Resident
0,3-Jul-18,HSWC Spay Resident
0,3-Jul-18,HSWC Spay Resident
0,10-Jul-18,HSWC Neut Resident
0,10-Jul-18,HSWC Neut Resident
0,10-Jul-18,HSWC Neut Resident
0,10-Jul-18,HSWC Neut Resident
0,10-Jul-18,HSWC Spay Resident
0,10-Aug-18,HSWC Neut Resident
0,10-Aug-18,HSWC Neut Resident
0,10-Aug-18,HSWC Neut Resident
0,3-Aug-18,HSWC Spay Resident
0,10-Jul-18,HSWC Neut Resident
0,10-Jul-18,HSWC Spay Resident
0,24-Jul-18,HSWC Spay Resident
0,24-Jul-18,HSWC Spay Resident
0,10-Jul-18,HSWC Neut Resident
0,3-Aug-18,HSWC Spay Resident
0,31-Jul-18,HSWC Neut Resident
0,13-Jul-18,HSWC Neut Resident
0,3-Aug-18,HSWC Spay Resident
0,3-Aug-18,HSWC Spay Resident
0,31-Jul-18,HSWC Neut Resident
0,3-Aug-18,HSWC Spay Resident
0,7-Sep-18,HSWC Spay Resident
0,3-Aug-18,HSWC Spay Resident
0,3-Aug-18,HSWC Spay Resident
0,24-Jul-18,HSWC Neut Resident
0,24-Jul-18,HSWC Neut Resident
0,31-Jul-18,HSWC Neut Resident
0,4-Sep-18,HSWC Neut Resident
0,4-Sep-18,HSWC Neut Resident
0,7-Sep-18,HSWC Spay Resident
0,10-Aug-18,HSWC Neut Resident
0,10-Aug-18,HSWC Neut Resident
0,4-Sep-18,HSWC Neut Resident
0,4-Sep-18,HSWC Neut Resident
0,4-Sep-18,HSWC Neut Resident
0,4-Sep-18,HSWC Neut Resident
0,7-Sep-18,HSWC Spay Resident
0,19-Oct-18,HSWC Neut Resident
0,19-Oct-18,HSWC Neut Resident
0,16-Nov-18,HSWC Spay Resident
0,7-Sep-18,HSWC Spay Resident
0,5-Oct-18,HSWC Spay Resident
0,16-Nov-18,HSWC Spay Resident
0,7-Sep-18,HSWC Neut Resident
0,5-Oct-18,HSWC Neut Resident
0,5-Oct-18,HSWC Neut Resident
0,21-Sep-18,Neuter
0,21-Sep-18,Neuter
0,21-Sep-18,Neuter
0,21-Sep-18,Spay
0,21-Sep-18,Spay
0,21-Sep-18,Spay
0,21-Sep-18,Spay
0,21-Sep-18,Neuter
0,21-Sep-18,Neuter
0,21-Sep-18,Neuter
0,21-Sep-18,Spay
0,21-Sep-18,Spay
0,21-Sep-18,Spay
0,21-Sep-18,Neuter
0,21-Sep-18,Spay
0,21-Sep-18,Spay
0,21-Sep-18,Spay
0,21-Sep-18,Neuter
0,21-Sep-18,Neuter
0,21-Sep-18,Spay
0,21-Sep-18,Spay
0,9-Nov-18,HSWC Spay Resident w/other pro
0,16-Nov-18,HSWC Neut Resident
0,9-Nov-18,HSWC Spay Resident w/other pro
0,16-Nov-18,HSWC Spay Resident
0,16-Nov-18,HSWC Spay Resident
0,16-Nov-18,HSWC Spay Resident
0,9-Nov-18,HSWC Neut Resident
0,9-Nov-18,HSWC Neut Resident
0,9-Nov-18,HSWC Neut Resident
0,9-Nov-18,HSWC Neut Resident
0,19-Oct-18,Neuter
0,16-Nov-18,HSWC Neut Resident
0,16-Nov-18,HSWC Neut Resident
0,16-Nov-18,HSWC Neut Resident
0,16-Nov-18,HSWC Neut Resident
1,5-Jan-18,HSWC Spay Resident
1,5-Jan-18,HSWC Spay Resident
1,5-Jan-18,HSWC Spay Resident
1,5-Jan-18,HSWC Spay Resident
1,5-Jan-18,HSWC Spay Resident
1,5-Jan-18,HSWC Neut Resident
1,5-Jan-18,HSWC Neut Resident
1,5-Jan-18,HSWC Neut Resident
1,5-Jan-18,HSWC Neut Resident
1,5-Jan-18,HSWC Neut Resident
1,13-Jan-18,HSWC Spay Resident
1,13-Jan-18,HSWC Spay Resident
1,13-Jan-18,HSWC Neut Resident
1,13-Jan-18,HSWC Neut Resident
1,13-Jan-18,HSWC Neut Resident
1,13-Jan-18,HSWC Neut Resident
1,5-Jan-18,HSWC Spay Resident
1,5-Jan-18,HSWC Neut Resident
1,5-Jan-18,HSWC Spay Resident
1,13-Jan-18,HSWC Spay Resident
1,13-Jan-18,HSWC Spay Resident
1,13-Jan-18,HSWC Neut Resident
1,13-Jan-18,HSWC Neut Resident
1,13-Jan-18,HSWC Neut Resident
1,13-Jan-18,HSWC Neut Resident
1,13-Jan-18,HSWC Neut Resident
1,13-Jan-18,HSWC Spay Resident
1,21-Mar-18,Other Procedure
1,25-Jan-18,HSWC Neut Resident
1,24-Jan-18,Spay
1,24-Jan-18,Spay
1,24-Jan-18,Spay
1,24-Jan-18,Spay
1,24-Jan-18,Neuter
1,24-Jan-18,Neuter
1,14-Feb-18,HSWC Neut Resident w/other pro
1,2-Feb-18,HSWC Spay Resident
1,2-Feb-18,HSWC Neut Resident
1,2-Feb-18,HSWC Neut Resident
1,2-Feb-18,HSWC Neut Resident
1,2-Mar-18,HSWC Spay Resident
1,2-Mar-18,HSWC Spay Resident
1,2-Mar-18,HSWC Spay Resident
1,2-Mar-18,HSWC Spay Resident
1,2-Mar-18,HSWC Spay Resident
1,2-Mar-18,HSWC Spay Resident
1,2-Feb-18,HSWC Spay Resident
1,2-Feb-18,HSWC Spay Resident
1,2-Feb-18,HSWC Spay Resident
1,2-Feb-18,HSWC Spay Resident
1,2-Feb-18,HSWC Neut Resident
1,2-Feb-18,HSWC Spay Resident
1,21-Mar-18,HSWC Spay Resident w/other pro
1,23-Mar-18,HSWC Neut Resident
1,23-Mar-18,HSWC Neut Resident
1,23-Mar-18,HSWC Neut Resident
1,23-Mar-18,HSWC Neut Resident
1,23-Mar-18,HSWC Neut Resident
1,23-Mar-18,HSWC Spay Resident
1,23-Mar-18,HSWC Spay Resident
1,23-Mar-18,HSWC Spay Resident
1,23-Mar-18,HSWC Spay Resident
1,23-Mar-18,HSWC Neut Resident
1,23-Mar-18,HSWC Spay Resident
1,1-Mar-18,HSWC Spay Resident
1,23-Mar-18,HSWC Neut Resident
1,20-Apr-18,HSWC Spay Resident
1,20-Apr-18,HSWC Spay Resident
1,22-Mar-18,HSWC Neut Resident
1,23-Mar-18,HSWC Spay Resident
1,23-Mar-18,HSWC Neut Resident
1,23-Mar-18,HSWC Spay Resident
1,20-Apr-18,HSWC Spay Resident
1,20-Apr-18,HSWC Neut Resident
1,20-Apr-18,HSWC Neut Resident
1,20-Apr-18,HSWC Neut Resident
1,20-Apr-18,HSWC Spay Resident
1,20-Apr-18,HSWC Spay Resident
1,27-Apr-18,Other Procedure
1,20-Apr-18,HSWC Neut Resident
1,4-May-18,HSWC Neut Resident
1,4-May-18,HSWC Neut Resident
1,4-May-18,HSWC Neut Resident
1,4-May-18,HSWC Neut Resident
1,4-May-18,HSWC Neut Resident
1,27-Apr-18,HSWC Spay Resident
1,27-Apr-18,HSWC Spay Resident
1,20-Apr-18,HSWC Spay Resident
1,20-Apr-18,HSWC Spay Resident
1,27-Apr-18,HSWC Spay Resident
1,27-Apr-18,HSWC Spay Resident
1,27-Apr-18,HSWC Spay Resident
1,27-Apr-18,HSWC Neut Resident
1,27-Apr-18,HSWC Neut Resident
1,27-Apr-18,HSWC Neut Resident
1,27-Apr-18,HSWC Spay Resident
1,24-Apr-18,HSWC Spay Resident
1,24-Apr-18,HSWC Neut Resident
1,24-Apr-18,HSWC Neut Resident
1,24-Apr-18,HSWC Neut Resident
1,3-May-18,HSWC Spay Resident
1,3-May-18,HSWC Spay Resident
1,4-May-18,HSWC Spay Resident
1,7-Jun-18,HSWC Neut Resident
1,8-Jun-18,HSWC Neut Resident
1,7-Jun-18,HSWC Neut Resident
1,8-Jun-18,HSWC Neut Resident
1,7-Jun-18,HSWC Neut Resident
1,8-Jun-18,HSWC Neut Resident
1,29-May-18,Spay
1,15-May-18,HSWC Neut Resident
1,15-May-18,HSWC Neut Resident
1,1-Jun-18,HSWC Neut Resident
1,1-Jun-18,HSWC Neut Resident
1,8-Jun-18,HSWC Spay Resident
1,8-Jun-18,HSWC Spay Resident
1,8-Jun-18,HSWC Neut Resident w/other pro
1,8-Jun-18,HSWC Spay Resident
1,2-Jul-18,HSWC Spay Resident
1,2-Jul-18,HSWC Spay Resident
1,2-Jul-18,HSWC Neut Resident
1,13-Jul-18,HSWC Spay Resident
1,13-Jul-18,HSWC Neut Resident
1,13-Jul-18,HSWC Neut Resident
1,13-Jul-18,HSWC Neut Resident
1,13-Jul-18,HSWC Neut Resident
1,13-Jul-18,HSWC Neut Resident
1,13-Jul-18,HSWC Neut Resident
1,12-Jul-18,HSWC Spay Resident
1,13-Jul-18,HSWC Spay Resident
1,13-Jul-18,HSWC Spay Resident
1,13-Jul-18,HSWC Spay Resident
1,13-Jul-18,HSWC Neut Resident
1,13-Jul-18,HSWC Neut Resident
1,13-Jul-18,HSWC Neut Resident
1,13-Jul-18,HSWC Neut Resident
1,13-Jul-18,HSWC Neut Resident
1,13-Jul-18,HSWC Neut Resident
1,24-Jul-18,HSWC Neut Resident
1,16-Jul-18,Neuter
1,16-Jul-18,Neuter
1,16-Jul-18,Neuter
1,12-Jul-18,HSWC Spay Resident
1,3-Aug-18,HSWC Spay Resident
1,24-Jul-18,HSWC Neut Resident
1,3-Aug-18,HSWC Spay Resident
1,3-Aug-18,HSWC Spay Resident
1,3-Aug-18,HSWC Spay Resident
1,3-Aug-18,HSWC Neut Resident
1,3-Aug-18,HSWC Neut Resident
1,3-Aug-18,HSWC Neut Resident
1,3-Aug-18,HSWC Neut Resident
1,3-Aug-18,HSWC Neut Resident
1,10-Aug-18,HSWC Neut Resident
1,7-Sep-18,HSWC Neut Resident
1,7-Sep-18,HSWC Spay Resident
1,21-Sep-18,HSWC Spay Resident
1,21-Sep-18,HSWC Spay Resident
1,21-Sep-18,HSWC Spay Resident
1,30-Sep-18,HSWC Neut Resident
1,30-Sep-18,HSWC Neut Resident
1,30-Sep-18,HSWC Neut Resident
1,25-Sep-18,HSWC Neut Resident w/other pro
1,7-Sep-18,HSWC Spay Resident
1,7-Sep-18,HSWC Neut Resident
1,7-Sep-18,HSWC Spay Resident
1,30-Sep-18,HSWC Spay Resident
1,30-Sep-18,HSWC Spay Resident
1,30-Sep-18,HSWC Spay Resident
1,5-Oct-18,HSWC Spay Resident
1,5-Oct-18,HSWC Spay Resident
1,5-Oct-18,HSWC Spay Resident
1,5-Oct-18,HSWC Spay Resident
1,5-Oct-18,HSWC Neut Resident
1,5-Oct-18,HSWC Neut Resident
1,5-Oct-18,HSWC Neut Resident
1,5-Oct-18,HSWC Neut Resident
1,5-Oct-18,HSWC Neut Resident
1,5-Oct-18,HSWC Neut Resident
1,5-Oct-18,HSWC Spay Resident
1,19-Oct-18,HSWC Neut Resident
1,19-Oct-18,HSWC Neut Resident
1,19-Oct-18,HSWC Neut Resident
1,19-Oct-18,HSWC Neut Resident
1,12-Oct-18,HSWC Spay Resident
1,12-Oct-18,HSWC Spay Resident
1,12-Oct-18,HSWC Spay Resident
1,5-Oct-18,HSWC Neut Resident
1,5-Oct-18,HSWC Neut Resident
1,21-Sep-18,Neuter
1,21-Sep-18,Spay
1,21-Sep-18,Neuter
1,21-Sep-18,Neuter
1,19-Oct-18,HSWC Spay Resident
1,19-Oct-18,HSWC Neut Resident
1,12-Oct-18,HSWC Spay Resident
1,12-Oct-18,HSWC Spay Resident
1,12-Oct-18,HSWC Spay Resident
1,12-Oct-18,HSWC Spay Resident
1,12-Oct-18,HSWC Spay Resident
1,5-Oct-18,HSWC Spay Resident
1,30-Sep-18,HSWC Spay Resident
1,5-Oct-18,HSWC Spay Resident
1,5-Oct-18,HSWC Neut Resident
1,5-Oct-18,HSWC Neut Resident
1,19-Oct-18,HSWC Spay Resident
1,19-Oct-18,HSWC Neut Resident
1,19-Oct-18,HSWC Neut Resident
1,19-Oct-18,HSWC Neut Resident
1,9-Nov-18,HSWC Spay Resident
1,9-Nov-18,HSWC Neut Resident
1,9-Nov-18,HSWC Spay Resident
1,9-Nov-18,HSWC Spay Resident
1,9-Nov-18,HSWC Spay Resident
1,16-Nov-18,HSWC Spay Resident
1,9-Nov-18,HSWC Spay Resident
1,16-Nov-18,HSWC Neut Resident
1,16-Nov-18,HSWC Neut Resident
1,9-Nov-18,HSWC Spay Resident
1,9-Nov-18,HSWC Spay Resident
1,9-Nov-18,HSWC Spay Resident
1,16-Nov-18,HSWC Neut Resident
1,16-Nov-18,HSWC Neut Resident
1,16-Nov-18,HSWC Neut Resident
1,16-Nov-18,HSWC Neut Resident
1,9-Nov-18,HSWC Neut Resident
1,9-Nov-18,HSWC Spay Resident
1,16-Nov-18,HSWC Spay Resident
1,16-Nov-18,HSWC Spay Resident
1,16-Nov-18,HSWC Spay Resident
1,16-Nov-18,HSWC Spay Resident
1,16-Nov-18,HSWC Neut Resident
1,16-Nov-18,HSWC Spay Resident
1,9-Nov-18,HSWC Neut Resident
1,9-Nov-18,HSWC Neut Resident
1,16-Nov-18,HSWC Spay Resident
1,16-Nov-18,HSWC Spay Resident
1,18-Dec-18,HSWC Neut Resident w/other pro
1,14-Dec-18,HSWC Neut Resident
1,14-Dec-18,HSWC Neut Resident
1,14-Dec-18,HSWC Spay Resident
1,14-Dec-18,HSWC Spay Resident
1,14-Dec-18,HSWC Spay Resident
1,14-Dec-18,HSWC Spay Resident
1,14-Dec-18,HSWC Spay Resident
1,14-Dec-18,HSWC Spay Resident
1,14-Dec-18,HSWC Spay Resident
1,19-Dec-18,HSWC Neut Resident
1,19-Dec-18,HSWC Spay Resident
1,14-Dec-18,HSWC Neut Resident
1,14-Dec-18,HSWC Neut Resident
1,14-Dec-18,HSWC Neut Resident
1,14-Dec-18,HSWC Neut Resident
1,14-Dec-18,HSWC Neut Resident
1,14-Dec-18,HSWC Neut Resident
1,14-Dec-18,HSWC Neut Resident
1,28-Dec-18,HSWC Neut Resident
1,28-Dec-18,HSWC Neut Resident
1,28-Dec-18,HSWC Spay Resident
1,28-Dec-18,HSWC Spay Resident
1,28-Dec-18,HSWC Spay Resident
1,28-Dec-18,HSWC Spay Resident
1,28-Dec-18,HSWC Spay Resident
1,28-Dec-18,HSWC Spay Resident
1,28-Dec-18,HSWC Spay Resident
1,28-Dec-18,HSWC Spay Resident
1,28-Dec-18,HSWC Spay Resident
1,28-Dec-18,HSWC Neut Resident
1,28-Dec-18,HSWC Neut Resident
1,28-Dec-18,HSWC Neut Resident
1,28-Dec-18,HSWC Neut Resident
1,28-Dec-18,HSWC Neut Resident
2,4-Jun-18,HSWC Neut Resident
2,4-Jun-18,HSWC Neut Resident
2,15-May-18,Spay
2,15-May-18,Spay
0,4-Oct-19,Other Procedure
0,9-Jan-19,Spay
0,9-Jan-19,Spay
0,9-Jan-19,Spay
0,9-Jan-19,Spay
0,9-Jan-19,Neuter
0,9-Jan-19,Spay
0,2-Jul-19,Other Procedure
0,8-Feb-19,HSWC Neut Resident
0,8-Feb-19,HSWC Neut Resident
0,9-Jan-19,Spay
0,15-Mar-19,HSWC Neut Resident
0,8-Feb-19,HSWC Neut Resident
0,8-Feb-19,HSWC Neut Resident
0,8-Feb-19,HSWC Spay Resident
0,15-Mar-19,HSWC Neut Resident
0,29-Mar-19,HSWC Neut Resident
0,15-Mar-19,HSWC Spay Resident
0,29-Mar-19,HSWC Neut Resident
0,15-Mar-19,HSWC Neut Resident
0,9-Jan-19,Spay
0,8-Feb-19,HSWC Neut Resident
0,18-Jan-19,Neuter
0,18-Jan-19,Neuter
0,18-Jan-19,Neuter
0,18-Jan-19,Spay
0,18-Jan-19,Neuter
0,8-Feb-19,HSWC Neut Resident
0,19-Feb-19,HSWC Neut Resident w/other pro
0,8-Feb-19,HSWC Spay Resident
0,15-Mar-19,HSWC Neut Resident
0,15-Mar-19,HSWC Spay Resident
0,15-Mar-19,HSWC Spay Resident
0,10-May-19,HSWC Spay Resident
0,29-Mar-19,HSWC Neut Resident
0,29-Mar-19,HSWC Spay Resident w/other pro
0,22-Mar-19,Neuter
0,22-Mar-19,Neuter
0,22-Mar-19,Neuter
0,22-Mar-19,Neuter
0,22-Mar-19,Spay
0,22-Mar-19,Spay
0,22-Mar-19,Spay
0,22-Mar-19,Spay
0,22-Mar-19,Spay
0,22-Mar-19,Spay
0,10-May-19,HSWC Spay Resident
0,24-May-19,HSWC Spay Resident
0,10-May-19,HSWC Neut Resident
0,28-Jun-19,HSWC Spay Resident
0,10-May-19,HSWC Neut Resident
0,24-May-19,HSWC Spay Resident
0,10-May-19,HSWC Neut Resident
0,28-Jun-19,HSWC Neut Resident
0,28-Jun-19,HSWC Spay Resident
0,28-Jun-19,HSWC Spay Resident
0,28-Jun-19,HSWC Spay Resident
0,28-Jun-19,HSWC Neut Resident
0,2-Aug-19,HSWC Spay Resident
0,12-Jul-19,HSWC Spay Resident
0,14-Jun-19,HSWC Neut Resident
0,24-May-19,HSWC Spay Resident
0,28-Jun-19,HSWC Neut Resident
0,28-Jun-19,HSWC Neut Resident
0,28-Jun-19,HSWC Neut Resident
0,28-Jun-19,HSWC Spay Resident
0,28-Jun-19,HSWC Spay Resident
0,14-Jun-19,HSWC Neut Resident
0,2-Aug-19,HSWC Neut Resident
0,2-Aug-19,HSWC Spay Resident
0,2-Aug-19,HSWC Neut Resident
0,2-Aug-19,HSWC Spay Resident
0,14-Jun-19,HSWC Neut Resident w/other pro
0,14-Jun-19,HSWC Neut Resident w/other pro
0,14-Jun-19,HSWC Neut Resident
0,14-Jun-19,HSWC Spay Resident
0,14-Jun-19,HSWC Spay Resident
0,31-May-19,Spay
0,31-May-19,Neuter
0,31-May-19,Spay
0,31-May-19,Neuter
0,31-May-19,Neuter
0,14-Jun-19,HSWC Spay Resident
0,12-Jul-19,HSWC Spay Resident
0,14-Jun-19,HSWC Neut Resident
0,28-Jun-19,HSWC Spay Resident
0,28-Jun-19,HSWC Neut Resident
0,28-Jun-19,HSWC Neut Resident
0,2-Aug-19,HSWC Spay Resident
0,28-Jun-19,HSWC Spay Resident
0,28-Jun-19,HSWC Spay Resident
0,26-Jul-19,HSWC Spay Resident
0,26-Jul-19,HSWC Spay Resident
0,26-Jul-19,HSWC Spay Resident
0,26-Jul-19,HSWC Spay Resident
0,26-Jul-19,HSWC Neut Resident
0,26-Jul-19,HSWC Neut Resident
0,28-Jun-19,HSWC Neut Resident
0,28-Jun-19,HSWC Neut Resident
0,28-Jun-19,HSWC Neut Resident
0,28-Jun-19,HSWC Neut Resident
0,26-Jul-19,HSWC Neut Resident
0,26-Jul-19,HSWC Neut Resident
0,26-Jul-19,HSWC Neut Resident
0,30-Jul-19,HSWC Spay Resident w/other pro
0,28-Jun-19,HSWC Spay Resident
0,28-Jun-19,HSWC Spay Resident
0,28-Jun-19,HSWC Neut Resident
0,28-Jun-19,HSWC Neut Resident
0,9-Aug-19,HSWC Neut Resident
0,2-Aug-19,HSWC Spay Resident
0,12-Jul-19,HSWC Neut Resident
0,26-Jul-19,HSWC Neut Resident
0,26-Jul-19,HSWC Spay Resident
0,12-Jul-19,HSWC Neut Resident
0,12-Jul-19,HSWC Neut Resident
0,12-Jul-19,HSWC Neut Resident
0,23-Aug-19,HSWC Spay Resident
0,23-Aug-19,HSWC Spay Resident
0,23-Aug-19,HSWC Spay Resident
0,23-Aug-19,HSWC Spay Resident
0,23-Aug-19,HSWC Spay Resident
0,23-Aug-19,HSWC Spay Resident
0,23-Aug-19,HSWC Neut Resident
0,9-Aug-19,HSWC Spay Resident
0,9-Aug-19,HSWC Spay Resident
0,9-Aug-19,HSWC Spay Resident
0,12-Jul-19,Spay
0,9-Aug-19,HSWC Spay Resident
0,23-Aug-19,HSWC Neut Resident
0,13-Dec-19,HSWC Neut Resident
0,9-Aug-19,HSWC Spay Resident
0,2-Aug-19,HSWC Neut Resident
0,23-Aug-19,HSWC Spay Resident
0,23-Aug-19,HSWC Neut Resident
0,23-Aug-19,HSWC Neut Resident
0,23-Aug-19,HSWC Spay Resident
0,23-Aug-19,HSWC Neut Resident
0,13-Sep-19,HSWC Spay Resident
0,13-Sep-19,HSWC Spay Resident
0,13-Sep-19,HSWC Neut Resident
0,13-Dec-19,HSWC Spay Resident
0,13-Sep-19,HSWC Spay Resident
0,13-Sep-19,HSWC Spay Resident
0,13-Sep-19,HSWC Spay Resident
0,24-Sep-19,HSWC Neut Resident w/other pro
0,25-Oct-19,HSWC Neut Resident
0,25-Oct-19,HSWC Neut Resident
0,25-Oct-19,HSWC Spay Resident
0,4-Oct-19,Other Procedure
0,4-Oct-19,Other Procedure
0,13-Sep-19,HSWC Neut Resident
0,25-Oct-19,HSWC Neut Resident
0,13-Sep-19,Spay
0,13-Sep-19,Spay
0,13-Sep-19,Neuter
0,13-Sep-19,Neuter
0,13-Sep-19,Neuter
0,13-Dec-19,HSWC Spay Resident
0,24-Oct-19,Neuter
0,24-Oct-19,Neuter
0,22-Nov-19,HSWC Neut Resident
0,22-Nov-19,HSWC Spay Resident
0,13-Dec-19,HSWC Spay Resident
0,25-Oct-19,HSWC Spay Resident
0,24-Oct-19,Neuter
0,24-Oct-19,Neuter
0,13-Dec-19,HSWC Neut Resident
0,13-Dec-19,HSWC Neut Resident
0,29-Nov-19,HSWC Neut Resident
0,8-Nov-19,HSWC Neut Resident
0,29-Nov-19,HSWC Spay Resident
0,29-Nov-19,HSWC Neut Resident
0,13-Dec-19,HSWC Spay Resident
0,13-Dec-19,HSWC Spay Resident
0,13-Dec-19,HSWC Neut Resident
0,13-Dec-19,HSWC Neut Resident
0,13-Dec-19,Neuter
0,13-Dec-19,Neuter
0,13-Dec-19,Neuter
0,13-Dec-19,Spay
0,13-Dec-19,Neuter
0,13-Dec-19,Spay
0,13-Dec-19,Spay
0,13-Dec-19,Neuter
0,13-Dec-19,Neuter
0,13-Dec-19,Neuter
0,13-Dec-19,Neuter
0,27-Dec-19,HSWC Spay Resident
0,27-Dec-19,HSWC Spay Resident
1,7-May-19,Other Procedure
1,2-Aug-19,HSWC Neut Resident
1,19-Feb-19,HSWC Spay Resident w/other pro
1,5-Feb-19,HSWC Spay Resident
1,8-Jan-19,Spay w/other procedure
1,8-Feb-19,HSWC Spay Resident
1,8-Feb-19,HSWC Neut Resident
1,26-Mar-19,Spay
1,26-Mar-19,Spay
1,8-Feb-19,HSWC Spay Resident
1,18-Jan-19,Neuter
1,18-Jan-19,Spay
1,18-Jan-19,Spay
1,18-Jan-19,Spay
1,18-Jan-19,Spay
1,18-Jan-19,Spay
1,18-Jan-19,Spay
1,18-Jan-19,Neuter
1,8-Feb-19,HSWC Neut Resident
1,8-Feb-19,HSWC Neut Resident
1,22-Feb-19,HSWC Neut Resident
1,22-Feb-19,HSWC Neut Resident
1,8-Feb-19,HSWC Spay Resident
1,15-Feb-19,HSWC Spay Resident
1,15-Feb-19,HSWC Spay Resident
1,15-Feb-19,HSWC Spay Resident
1,15-Feb-19,HSWC Neut Resident
1,21-Feb-19,HSWC Spay Resident
1,15-Feb-19,HSWC Neut Resident
1,15-Feb-19,HSWC Spay Resident
1,15-Feb-19,HSWC Neut Resident
1,15-Feb-19,HSWC Neut Resident
1,15-Feb-19,HSWC Spay Resident
1,15-Feb-19,HSWC Spay Resident
1,15-Feb-19,HSWC Neut Resident
1,15-Feb-19,HSWC Spay Resident
1,22-Feb-19,HSWC Neut Resident
1,15-Feb-19,HSWC Neut Resident
1,22-Feb-19,HSWC Spay Resident
1,22-Feb-19,HSWC Neut Resident
1,22-Feb-19,HSWC Neut Resident
1,21-Feb-19,HSWC Spay Resident
1,21-Feb-19,HSWC Neut Resident
1,21-Feb-19,HSWC Spay Resident
1,21-Feb-19,HSWC Neut Resident
1,15-Mar-19,HSWC Neut Resident
1,22-Feb-19,Neuter
1,15-Mar-19,HSWC Neut Resident
1,15-Mar-19,HSWC Neut Resident
1,15-Mar-19,HSWC Neut Resident
1,29-Mar-19,HSWC Spay Resident
1,29-Mar-19,HSWC Spay Resident
1,29-Mar-19,HSWC Neut Resident
1,29-Mar-19,HSWC Spay Resident
1,7-May-19,HSWC Neut Resident
1,29-Mar-19,HSWC Neut Resident
1,29-Mar-19,HSWC Neut Resident
1,29-Mar-19,HSWC Neut Resident
1,29-Mar-19,HSWC Neut Resident
1,29-Mar-19,HSWC Neut Resident
1,29-Mar-19,HSWC Spay Resident
1,29-Mar-19,HSWC Spay Resident
1,29-Mar-19,HSWC Spay Resident
1,23-Apr-19,HSWC Neut Resident
1,10-May-19,HSWC Neut Resident
1,23-Apr-19,HSWC Neut Resident
1,23-Apr-19,HSWC Neut Resident
1,23-Apr-19,HSWC Spay Resident
1,23-Apr-19,HSWC Spay Resident
1,23-Apr-19,HSWC Spay Resident
1,29-Mar-19,HSWC Neut Resident
1,29-Mar-19,HSWC Neut Resident
1,10-May-19,HSWC Neut Resident
1,10-May-19,HSWC Neut Resident
1,10-May-19,HSWC Spay Resident
1,10-May-19,HSWC Spay Resident
1,29-Mar-19,HSWC Spay Resident
1,10-May-19,HSWC Spay Resident
1,10-May-19,HSWC Spay Resident
1,29-Mar-19,HSWC Spay Resident
1,10-May-19,HSWC Spay Resident
1,2-Apr-19,HSWC Neut Resident w/other pro
1,7-May-19,HSWC Neut Resident
1,10-May-19,HSWC Neut Resident
1,28-May-19,Other Procedure
1,10-May-19,HSWC Neut Resident
1,7-May-19,Neuter
1,31-May-19,Spay
1,31-May-19,Spay
1,31-May-19,Neuter
1,31-May-19,Neuter
1,31-May-19,Spay
1,31-May-19,Spay
1,31-May-19,Neuter
1,31-May-19,Neuter
1,31-May-19,Spay
1,12-Jul-19,HSWC Neut Resident
1,12-Jul-19,HSWC Neut Resident
1,12-Jul-19,HSWC Neut Resident
1,12-Jul-19,HSWC Spay Resident
1,12-Jul-19,HSWC Spay Resident
1,12-Jul-19,HSWC Spay Resident
1,12-Jul-19,HSWC Neut Resident
1,9-Aug-19,Other Procedure
1,12-Jul-19,HSWC Spay Resident
1,2-Aug-19,Other Procedure
1,12-Jul-19,HSWC Spay Resident
1,9-Aug-19,Other Procedure
1,26-Jul-19,HSWC Neut Resident
1,26-Jul-19,Other Procedure
1,26-Jul-19,Other Procedure
1,9-Aug-19,HSWC Spay Resident
1,23-Aug-19,HSWC Spay Resident
1,9-Aug-19,HSWC Spay Resident
1,9-Aug-19,HSWC Spay Resident
1,23-Aug-19,HSWC Spay Resident
1,9-Aug-19,HSWC Spay Resident
1,23-Aug-19,HSWC Spay Resident
1,9-Aug-19,HSWC Neut Resident
1,9-Aug-19,HSWC Neut Resident
1,9-Aug-19,HSWC Neut Resident
1,9-Aug-19,HSWC Neut Resident
1,2-Aug-19,Spay
1,9-Aug-19,HSWC Spay Resident
1,6-Sep-19,HSWC Neut Resident w/other pro
1,4-Oct-19,HSWC Spay Resident
1,4-Oct-19,HSWC Spay Resident
1,4-Oct-19,HSWC Spay Resident
1,4-Oct-19,HSWC Spay Resident
1,4-Oct-19,HSWC Neut Resident
1,4-Oct-19,HSWC Neut Resident
1,6-Sep-19,HSWC Neut Resident
1,6-Sep-19,HSWC Spay Resident
1,13-Sep-19,Spay
1,13-Sep-19,Neuter
1,13-Sep-19,Neuter
1,25-Oct-19,HSWC Spay Resident
1,25-Oct-19,HSWC Spay Resident
1,25-Oct-19,HSWC Neut Resident
1,25-Oct-19,HSWC Neut Resident
1,25-Oct-19,HSWC Neut Resident
1,25-Oct-19,HSWC Spay Resident
1,25-Oct-19,HSWC Spay Resident
1,25-Oct-19,HSWC Spay Resident
1,25-Oct-19,HSWC Spay Resident
1,25-Oct-19,HSWC Neut Resident
1,25-Oct-19,HSWC Neut Resident
1,25-Oct-19,HSWC Neut Resident
1,18-Oct-19,HSWC Spay Resident
1,23-Oct-19,Spay
1,23-Oct-19,Spay
1,18-Oct-19,HSWC Neut Resident
1,8-Nov-19,HSWC Neut Resident
1,8-Nov-19,HSWC Neut Resident
1,8-Nov-19,HSWC Neut Resident
1,27-Dec-19,HSWC Spay Resident
1,22-Nov-19,HSWC Spay Resident
1,22-Nov-19,HSWC Spay Resident
1,8-Nov-19,HSWC Spay Resident
1,8-Nov-19,HSWC Spay Resident
1,8-Nov-19,HSWC Spay Resident
1,8-Nov-19,HSWC Spay Resident
1,8-Nov-19,HSWC Spay Resident
1,8-Nov-19,HSWC Spay Resident
1,8-Nov-19,HSWC Neut Resident
1,8-Nov-19,HSWC Neut Resident
1,8-Nov-19,HSWC Neut Resident
1,22-Nov-19,HSWC Spay Resident
1,22-Nov-19,HSWC Neut Resident
1,22-Nov-19,HSWC Neut Resident
1,22-Nov-19,HSWC Neut Resident
1,22-Nov-19,HSWC Neut Resident
1,22-Nov-19,HSWC Neut Resident
1,22-Nov-19,HSWC Neut Resident
1,22-Nov-19,HSWC Neut Resident
1,22-Nov-19,HSWC Spay Resident
1,22-Nov-19,HSWC Spay Resident
1,22-Nov-19,HSWC Spay Resident
1,22-Nov-19,HSWC Spay Resident
1,29-Nov-19,HSWC Neut Resident
1,29-Nov-19,HSWC Neut Resident
1,29-Nov-19,HSWC Neut Resident
1,29-Nov-19,HSWC Neut Resident
1,29-Nov-19,HSWC Neut Resident
1,29-Nov-19,HSWC Neut Resident
1,13-Dec-19,Spay
1,13-Dec-19,Neuter
1,13-Dec-19,Spay
1,27-Dec-19,HSWC Neut Resident
1,27-Dec-19,HSWC Spay Resident
1,27-Dec-19,Other Procedure
2,14-Jun-19,HSWC Neut Resident
2,29-Nov-19,HSWC Spay Resident
0,23-Oct-20,Spay
0,13-Mar-20,Spay
0,16-Jan-20,HSWC Neut Resident
0,6-Mar-20,HSWC Spay Resident
0,17-Jan-20,HSWC Spay Resident
0,6-Mar-20,HSWC Neut Resident
0,31-Jan-20,HSWC Neut Resident
0,6-Mar-20,HSWC Spay Resident
0,31-Jan-20,HSWC Spay Resident
0,6-Mar-20,HSWC Spay Resident
0,31-Jan-20,HSWC Spay Resident
0,16-Jan-20,HSWC Spay Resident
0,31-Jan-20,HSWC Spay Resident
0,31-Jan-20,HSWC Neut Resident
0,3-Jan-20,HSWC Neut Resident
0,3-Jan-20,HSWC Neut Resident
0,13-Mar-20,HSWC Spay Resident
0,6-Mar-20,HSWC Neut Resident
0,6-Mar-20,HSWC Spay Resident
0,6-Mar-20,HSWC Neut Resident
0,6-Mar-20,HSWC Neut Resident
0,28-Feb-20,HSWC Spay Resident
0,6-Mar-20,HSWC Spay Resident
0,6-Mar-20,HSWC Neut Resident
0,6-Mar-20,HSWC Spay Resident
0,6-Mar-20,HSWC Neut Resident
0,29-May-20,HSWC Spay Resident
0,13-Mar-20,HSWC Spay Resident
0,13-Mar-20,HSWC Spay Resident
0,13-Mar-20,HSWC Spay Resident
0,29-May-20,HSWC Neut Resident
0,29-May-20,HSWC Neut Resident
0,29-May-20,HSWC Spay Resident
0,29-May-20,HSWC Spay Resident
0,29-May-20,HSWC Spay Resident
0,29-May-20,HSWC Neut Resident
0,13-Mar-20,HSWC Spay Resident
0,13-Mar-20,HSWC Neut Resident
0,13-Mar-20,HSWC Neut Resident
0,27-Mar-20,HSWC Neut Resident
0,27-Mar-20,HSWC Spay Resident
0,17-Apr-20,HSWC Spay Resident
0,3-Apr-20,Neuter
0,3-Apr-20,Neuter
0,24-Apr-20,HSWC Neut Resident
0,1-May-20,HSWC Spay Resident
0,29-May-20,HSWC Neut Resident
0,29-May-20,HSWC Neut Resident
0,29-May-20,Spay
0,21-Aug-20,HSWC Spay Resident
0,21-Aug-20,HSWC Neut Resident
0,10-Jul-20,HSWC Spay Resident
0,10-Jul-20,HSWC Neut Resident
0,10-Jul-20,HSWC Neut Resident
0,10-Jul-20,HSWC Spay Resident
0,10-Jul-20,HSWC Neut Resident
0,29-May-20,HSWC Neut Resident
0,29-May-20,HSWC Neut Resident
0,29-May-20,HSWC Neut Resident
0,29-May-20,HSWC Spay Resident
0,24-Jul-20,HSWC Spay Resident
0,10-Jul-20,HSWC Neut Resident
0,10-Jul-20,HSWC Neut Resident
0,10-Jul-20,HSWC Neut Resident
0,3-Jul-20,HSWC Neut Resident
0,19-Jun-20,Spay
0,19-Jun-20,Spay
0,19-Jun-20,Spay
0,19-Jun-20,Spay
0,19-Jun-20,Spay
0,19-Jun-20,Neuter
0,19-Jun-20,Neuter
0,19-Jun-20,Neuter
0,19-Jun-20,Neuter
0,19-Jun-20,Neuter
0,19-Jun-20,Spay
0,19-Jun-20,Neuter
0,19-Jun-20,Neuter
0,21-Jul-20,HSWC Neut Resident w/other pro
0,10-Jul-20,HSWC Neut Resident
0,10-Jul-20,HSWC Spay Resident
0,10-Jul-20,HSWC Spay Resident
0,10-Jul-20,HSWC Spay Resident
0,10-Jul-20,HSWC Spay Resident
0,24-Jul-20,HSWC Spay Resident
0,24-Jul-20,HSWC Spay Resident
0,21-Aug-20,HSWC Spay Resident
0,21-Aug-20,HSWC Neut Resident
0,21-Aug-20,HSWC Spay Resident
0,10-Jul-20,HSWC Spay Resident
0,21-Aug-20,HSWC Neut Resident
0,26-Jun-20,Spay
0,31-Jul-20,HSWC Spay Resident
0,10-Jul-20,HSWC Spay Resident
0,10-Jul-20,HSWC Spay Resident
0,10-Jul-20,HSWC Spay Resident
0,24-Jul-20,HSWC Spay Resident
0,31-Jul-20,HSWC Neut Resident
0,31-Jul-20,HSWC Spay Resident
0,31-Jul-20,HSWC Neut Resident
0,31-Jul-20,HSWC Spay Resident
0,21-Aug-20,HSWC Neut Resident
0,21-Aug-20,HSWC Spay Resident
0,21-Aug-20,HSWC Spay Resident
0,25-Sep-20,HSWC Neut Resident
0,25-Sep-20,HSWC Spay Resident
0,25-Sep-20,HSWC Neut Resident
0,25-Sep-20,HSWC Neut Resident
0,25-Sep-20,HSWC Neut Resident
0,25-Sep-20,HSWC Neut Resident
0,25-Sep-20,HSWC Spay Resident
0,21-Aug-20,HSWC Neut Resident
0,21-Aug-20,HSWC Neut Resident
0,21-Aug-20,HSWC Spay Resident
0,21-Aug-20,HSWC Spay Resident
0,21-Aug-20,HSWC Neut Resident
0,28-Aug-20,HSWC Spay Resident w/other pro
0,21-Aug-20,HSWC Spay Resident
0,21-Aug-20,HSWC Spay Resident
0,21-Aug-20,HSWC Spay Resident
0,21-Aug-20,HSWC Spay Resident
0,11-Sep-20,HSWC Spay Resident
0,11-Sep-20,HSWC Spay Resident
0,28-Aug-20,Spay
0,8-Sep-20,HSWC Spay Resident w/other pro
0,11-Sep-20,HSWC Neut Resident
0,11-Sep-20,HSWC Spay Resident
0,11-Sep-20,HSWC Spay Resident
0,11-Sep-20,HSWC Spay Resident
0,11-Sep-20,HSWC Spay Resident
0,30-Oct-20,HSWC Spay Resident
0,30-Oct-20,HSWC Neut Resident
0,25-Sep-20,HSWC Neut Resident
0,23-Oct-20,HSWC Neut Resident
0,23-Oct-20,Neuter
0,23-Oct-20,HSWC Spay Resident
0,11-Dec-20,HSWC Neut Resident
0,11-Dec-20,HSWC Spay Resident
0,11-Dec-20,HSWC Neut Resident
0,11-Dec-20,HSWC Spay Resident
0,23-Oct-20,Neuter
0,23-Oct-20,Spay
0,23-Oct-20,Neuter
0,23-Oct-20,Neuter
0,23-Oct-20,Neuter
0,23-Oct-20,Spay
0,23-Oct-20,Neuter
0,23-Oct-20,Neuter
0,23-Oct-20,Spay
0,23-Oct-20,Spay
0,23-Oct-20,Neuter
0,23-Oct-20,Neuter
0,30-Oct-20,HSWC Neut Resident
0,30-Oct-20,Spay
0,30-Oct-20,Neuter
0,13-Nov-20,HSWC Neut Resident
0,13-Nov-20,HSWC Spay Resident
0,13-Nov-20,Spay
0,13-Nov-20,Spay
0,13-Nov-20,Spay
0,13-Nov-20,Neuter
0,13-Nov-20,HSWC Spay Resident
0,13-Nov-20,HSWC Neut Resident
0,13-Nov-20,HSWC Neut Resident
0,13-Nov-20,HSWC Neut Resident
0,20-Nov-20,HSWC Spay Resident
0,20-Nov-20,HSWC Neut Resident
0,27-Nov-20,HSWC Spay Resident
0,27-Nov-20,HSWC Neut Resident
0,27-Nov-20,HSWC Spay Resident
0,27-Nov-20,HSWC Spay Resident
0,27-Nov-20,HSWC Neut Resident
0,27-Nov-20,HSWC Neut Resident
0,27-Nov-20,HSWC Neut Resident
0,27-Nov-20,HSWC Neut Resident
0,27-Nov-20,HSWC Neut Resident
0,27-Nov-20,HSWC Neut Resident
0,11-Dec-20,HSWC Spay Resident
0,27-Nov-20,Neuter
0,27-Nov-20,Spay
0,27-Nov-20,Spay
0,27-Nov-20,Neuter
0,27-Nov-20,Neuter
0,27-Nov-20,Spay
0,27-Nov-20,Spay
0,27-Nov-20,Neuter
0,27-Nov-20,Neuter
0,27-Nov-20,Neuter
0,27-Nov-20,Neuter
0,27-Nov-20,Neuter
0,27-Nov-20,Neuter
0,11-Dec-20,HSWC Neut Resident
0,11-Dec-20,Spay
0,11-Dec-20,HSWC Neut Resident
0,11-Dec-20,HSWC Neut Resident
0,11-Dec-20,Spay
0,11-Dec-20,HSWC Neut Resident
1,31-Jul-20,Other Procedure
1,20-Nov-20,Other Procedure
1,3-Jan-20,HSWC Neut Resident
1,3-Jan-20,HSWC Neut Resident
1,3-Jan-20,HSWC Neut Resident
1,3-Jan-20,HSWC Neut Resident
1,3-Jan-20,HSWC Spay Resident
1,3-Jan-20,HSWC Spay Resident
1,3-Jan-20,HSWC Spay Resident
1,3-Jan-20,HSWC Spay Resident
1,3-Jan-20,HSWC Spay Resident
1,3-Jan-20,HSWC Spay Resident
1,31-Jan-20,HSWC Spay Resident w/other pro
1,7-Feb-20,HSWC Neut Resident
1,7-Feb-20,HSWC Spay Resident
1,17-Jan-20,HSWC Spay Resident
1,17-Jan-20,HSWC Neut Resident
1,17-Jan-20,HSWC Spay Resident
1,17-Jan-20,HSWC Spay Resident
1,17-Jan-20,HSWC Spay Resident
1,27-Mar-20,HSWC Spay Resident
1,17-Jan-20,HSWC Spay Resident
1,17-Jan-20,HSWC Spay Resident
1,17-Jan-20,HSWC Neut Resident
1,17-Jan-20,HSWC Neut Resident
1,7-Feb-20,HSWC Neut Resident
1,7-Feb-20,HSWC Neut Resident
1,7-Feb-20,HSWC Spay Resident
1,7-Feb-20,HSWC Spay Resident
1,7-Feb-20,HSWC Neut Resident
1,7-Feb-20,HSWC Neut Resident
1,7-Feb-20,HSWC Neut Resident
1,7-Feb-20,HSWC Spay Resident
1,7-Feb-20,HSWC Spay Resident
1,7-Feb-20,HSWC Spay Resident
1,3-Apr-20,HSWC Spay Resident
1,3-Apr-20,HSWC Spay Resident
1,3-Apr-20,HSWC Spay Resident
1,3-Apr-20,HSWC Spay Resident
1,3-Apr-20,HSWC Spay Resident
1,3-Apr-20,HSWC Neut Resident
1,6-Mar-20,HSWC Spay Resident
1,6-Mar-20,HSWC Neut Resident
1,6-Mar-20,HSWC Spay Resident
1,6-Mar-20,HSWC Neut Resident
1,6-Mar-20,HSWC Spay Resident
1,6-Mar-20,HSWC Spay Resident
1,6-Mar-20,HSWC Spay Resident
1,6-Mar-20,HSWC Neut Resident
1,13-Mar-20,HSWC Neut Resident
1,13-Mar-20,HSWC Neut Resident
1,13-Mar-20,HSWC Neut Resident
1,13-Mar-20,HSWC Neut Resident
1,13-Mar-20,HSWC Spay Resident
1,13-Mar-20,HSWC Spay Resident w/other pro
1,17-Apr-20,HSWC Spay Resident
1,17-Apr-20,HSWC Neut Resident
1,17-Apr-20,HSWC Neut Resident
1,17-Apr-20,HSWC Neut Resident
1,17-Apr-20,HSWC Neut Resident
1,17-Apr-20,HSWC Neut Resident
1,17-Apr-20,HSWC Neut Resident
1,27-Mar-20,HSWC Neut Resident
1,27-Mar-20,HSWC Neut Resident
1,17-Apr-20,HSWC Neut Resident
1,17-Apr-20,HSWC Spay Resident
1,17-Apr-20,HSWC Spay Resident
1,17-Apr-20,HSWC Spay Resident
1,1-May-20,HSWC Neut Resident
1,1-May-20,HSWC Spay Resident
1,1-May-20,HSWC Spay Resident
1,6-May-20,Other Procedure
1,1-May-20,HSWC Spay Resident
1,1-May-20,HSWC Spay Resident
1,1-May-20,HSWC Neut Resident
1,1-May-20,HSWC Neut Resident
1,17-Apr-20,HSWC Spay Resident
1,1-May-20,HSWC Neut Resident
1,1-May-20,HSWC Neut Resident
1,1-May-20,HSWC Neut Resident
1,1-May-20,HSWC Spay Resident
1,1-May-20,HSWC Neut Resident
1,29-May-20,HSWC Spay Resident
1,29-May-20,HSWC Spay Resident
1,29-May-20,HSWC Spay Resident
1,29-May-20,HSWC Neut Resident
1,29-May-20,HSWC Spay Resident
1,29-May-20,HSWC Spay Resident
1,29-May-20,HSWC Spay Resident
1,19-Jun-20,HSWC Spay Resident
1,19-Jun-20,HSWC Spay Resident
1,19-Jun-20,HSWC Neut Resident
1,19-Jun-20,HSWC Neut Resident
1,19-Jun-20,HSWC Neut Resident
1,26-Jun-20,HSWC Spay Resident
1,26-Jun-20,HSWC Spay Resident
1,26-Jun-20,HSWC Spay Resident
1,26-Jun-20,HSWC Neut Resident
1,26-Jun-20,HSWC Neut Resident
1,26-Jun-20,HSWC Neut Resident
1,26-Jun-20,HSWC Neut Resident
1,19-Jun-20,HSWC Spay Resident
1,26-Jun-20,Other Procedure
1,26-Jun-20,Other Procedure
1,3-Jul-20,HSWC Neut Resident
1,28-Aug-20,HSWC Spay Resident
1,28-Aug-20,HSWC Spay Resident
1,28-Aug-20,HSWC Spay Resident
1,28-Aug-20,HSWC Spay Resident
1,28-Aug-20,HSWC Neut Resident
1,28-Aug-20,HSWC Neut Resident
1,28-Aug-20,HSWC Neut Resident
1,28-Aug-20,HSWC Neut Resident
1,24-Jul-20,HSWC Spay Resident
1,11-Sep-20,HSWC Spay Resident
1,28-Aug-20,HSWC Neut Resident
1,31-Jul-20,Other Procedure
1,24-Jul-20,HSWC Neut Resident
1,21-Aug-20,HSWC Neut Resident w/other pro
1,28-Aug-20,Neuter
1,28-Aug-20,Spay
1,28-Aug-20,Spay
1,28-Aug-20,Neuter
1,28-Aug-20,Spay
1,28-Aug-20,Spay
1,25-Sep-20,HSWC Neut Resident
1,25-Sep-20,HSWC Neut Resident
1,25-Sep-20,HSWC Neut Resident
1,25-Sep-20,HSWC Neut Resident
1,25-Sep-20,HSWC Neut Resident
1,25-Sep-20,HSWC Neut Resident
1,25-Sep-20,HSWC Neut Resident
1,23-Oct-20,Neuter
1,13-Nov-20,Spay
1,30-Oct-20,HSWC Spay Resident
1,30-Oct-20,HSWC Spay Resident
1,20-Nov-20,HSWC Neut Resident
1,30-Oct-20,HSWC Spay Resident
1,30-Oct-20,HSWC Spay Resident
1,30-Oct-20,HSWC Spay Resident
1,30-Oct-20,HSWC Neut Resident
1,11-Dec-20,HSWC Spay Resident
1,11-Dec-20,HSWC Spay Resident
1,11-Dec-20,HSWC Neut Resident
1,11-Dec-20,HSWC Neut Resident
1,23-Oct-20,HSWC Neut Resident
1,23-Oct-20,Spay
1,23-Oct-20,Spay
1,20-Nov-20,HSWC Neut Resident
1,20-Nov-20,HSWC Spay Resident
1,11-Dec-20,HSWC Neut Resident w/other pro
1,11-Dec-20,HSWC Neut Resident
1,11-Dec-20,HSWC Neut Resident
1,11-Dec-20,HSWC Neut Resident
1,11-Dec-20,HSWC Spay Resident
1,11-Dec-20,HSWC Spay Resident
1,11-Dec-20,HSWC Neut Resident
1,11-Dec-20,HSWC Neut Resident
1,11-Dec-20,HSWC Spay Resident
1,11-Dec-20,HSWC Spay Resident
1,11-Dec-20,HSWC Spay Resident
2,31-Jan-20,HSWC Spay Resident
2,31-Jan-20,HSWC Neut Resident
