Species,Primary Breed,Secondary Breed,Gender,Altered,Age in Months Intake,Age Group,Intake Condition,Intake Date,Intake Type,Intake Subtype,Reason,Agency Name,Outcome Date,Release Date,Outcome Type,Outcome Subtype,Outcome Reason,Outcome_Agency_Name
0,Domestic Shorthair,Mix,0,1,168.0,Senior,Normal,9/28/2020 3:04 PM,Clinic,Vaccinations,,,9/28/2020 3:09 PM,9/28/2020 3:09 PM,Clinic Out,Vaccinations,,
0,Domestic Shorthair,Mix,0,1,181.0,Adult,Normal,2/26/2020 4:01 PM,Return,Euthanasia Owner Request,Time - Not Enough,,2/26/2020 6:57 PM,2/26/2020 6:57 PM,Return to Owner/Guardian,Owner Reclaim,,
0,Domestic Shorthair,Mix,0,1,153.0,Senior,Normal,5/15/2020 10:10 AM,Return,Beyond Exchange Period,Other,,9/26/2020 5:23 PM,,Died,Ill,,
1,Finnish Spitz,Chow Chow,0,1,155.0,Young,Normal,7/30/2020 11:35 AM,Return,Beyond Exchange Period,Other,,8/1/2020 11:31 AM,8/1/2020 11:31 AM,Return to Owner/Guardian,Owner Reclaim,,
1,German Shepherd,American Blue Heeler,1,1,79.0,Adult,Normal,5/29/2020 12:00 PM,Return,Beyond Exchange Period,Death of Owner,,5/29/2020 12:03 PM,5/29/2020 12:03 PM,Adoption,Adoption Center,,
1,Boxer,"Retriever, Labrador",0,1,79.0,Adult,Normal,1/2/2020 2:48 PM,Return,Beyond Exchange Period,Other,,1/2/2020 2:51 PM,1/2/2020 2:51 PM,Return to Owner/Guardian,Owner Reclaim,,
1,Boxer,"Retriever, Labrador",0,1,85.0,Adult,Normal,7/10/2020 8:40 AM,Clinic,Vaccinations,,,7/10/2020 8:42 AM,7/10/2020 8:42 AM,Clinic Out,Vaccinations,,
1,Boxer,"Retriever, Labrador",0,1,85.0,Adult,Normal,7/10/2020 8:44 AM,Clinic,Vaccinations,,,7/10/2020 8:47 AM,7/10/2020 8:47 AM,Clinic Out,Vaccinations,,
1,Shetland Sheepdog,Chow Chow,1,1,142.0,Adult,Normal,1/31/2020 8:06 AM,Return,Beyond Exchange Period,Behavior Problem,,1/31/2020 2:20 PM,,Euthanasia,Owner Request,,
0,Manx,Mix,1,1,2.0,Baby,Normal,5/28/2020 2:12 PM,Owner/Guardian Surrender,For Adoption,Can't find homes for litter,,10/24/2020 4:35 PM,10/24/2020 4:35 PM,Adoption,Adoption Center,,
0,Manx,Mix,0,1,24.0,Adult,Normal,5/28/2020 2:18 PM,Clinic,Spay,,,5/29/2020 5:34 PM,5/29/2020 5:34 PM,Clinic Out,Other,,
1,German Shepherd,Mix,1,0,,Adult,Normal,5/28/2020 3:05 PM,Stray,Public Drop Off,,,5/28/2020 3:13 PM,5/28/2020 3:13 PM,Return to Owner/Guardian,Stray Reclaim,,
1,"Retriever, Labrador",Mix,1,1,,Adult,Normal,5/28/2020 8:28 AM,Stray,ACO / Police Drop Off,,,5/29/2020 1:25 PM,5/29/2020 1:25 PM,Return to Owner/Guardian,Stray Reclaim,,
1,"Retriever, Labrador",Mix,1,1,,Adult,Normal,6/7/2020 11:35 AM,Stray,ACO / Police Drop Off,,,6/8/2020 11:38 AM,6/8/2020 11:38 AM,Return to Owner/Guardian,Stray Reclaim,,
1,"Retriever, Labrador",Mix,1,0,11.0,Young,Normal,5/29/2020 3:23 PM,Stray,Public Drop Off,,,6/4/2020 3:59 PM,6/4/2020 3:59 PM,Return to Owner/Guardian,Stray Reclaim,,
0,Domestic Medium Hair,Mix,1,0,,Adult,Injured,6/4/2020 4:12 PM,Stray,ACO / Police Drop Off,,,6/4/2020 4:24 PM,,Euthanasia,Injury,,
0,Domestic Shorthair,Mix,1,1,192.0,Senior,Normal,6/8/2020 9:43 AM,Owner/Guardian Surrender,For Adoption,Moving,,8/27/2020 5:28 PM,8/27/2020 5:28 PM,Adoption,Adoption Center,,
0,Domestic Shorthair,Mix,2,0,1.0,Baby,Injured,6/8/2020 1:56 PM,Stray,Public Drop Off,,,6/8/2020 3:48 PM,,Died,Unknown,,
0,Domestic Shorthair,Mix,2,0,,Adult,Injured,6/9/2020 10:22 AM,Stray,ACO / Police Drop Off,,,6/10/2020 4:21 PM,,Euthanasia,Injury,,
1,Shepherd,Australian Shepherd,0,1,1.0,Baby,Injured,6/10/2020 2:11 PM,Owner/Guardian Surrender,For Adoption,Other,,7/31/2020 2:41 PM,,Died,Ill,,
1,Shepherd,Australian Shepherd,0,1,1.0,Baby,Normal,6/10/2020 2:11 PM,Owner/Guardian Surrender,For Adoption,Other,,7/10/2020 11:13 AM,7/10/2020 11:13 AM,Adoption,Adoption Center,,
1,Shepherd,Australian Shepherd,0,1,1.0,Baby,Normal,6/10/2020 2:11 PM,Owner/Guardian Surrender,For Adoption,Other,,8/12/2020 2:43 PM,8/12/2020 2:43 PM,Adoption,Adoption Center,,
1,Shepherd,Australian Shepherd,1,1,1.0,Baby,Normal,6/10/2020 2:11 PM,Owner/Guardian Surrender,For Adoption,Other,,7/10/2020 10:54 AM,7/10/2020 10:54 AM,Adoption,Adoption Center,,
1,Shepherd,Australian Shepherd,1,1,1.0,Baby,Normal,6/10/2020 2:11 PM,Owner/Guardian Surrender,For Adoption,Other,,8/2/2020 2:15 PM,8/2/2020 2:15 PM,Adoption,Adoption Center,,
1,Shepherd,Australian Shepherd,1,1,1.0,Baby,Normal,6/10/2020 2:11 PM,Owner/Guardian Surrender,For Adoption,Other,,9/12/2020 3:19 PM,9/12/2020 3:19 PM,Adoption,Adoption Center,,
1,Shepherd,Australian Shepherd,1,1,1.0,Baby,Normal,6/10/2020 2:11 PM,Owner/Guardian Surrender,For Adoption,Other,,7/9/2020 4:27 PM,7/9/2020 4:27 PM,Adoption,Adoption Center,,
1,Siberian Husky,Mix,0,1,36.0,Adult,Normal,6/11/2020 5:39 PM,Owner/Guardian Surrender,For Adoption,Health Issues/Human,,9/1/2020 11:04 AM,9/1/2020 11:04 AM,Adoption,Adoption Center,,
1,"Terrier, Cairn",Mix,0,1,142.0,Adult,Normal,6/12/2020 1:53 PM,Owner/Guardian Surrender,For Adoption,Health Issues/Human,,7/22/2020 7:05 PM,7/22/2020 7:05 PM,Adoption,Adoption Center,,
0,Domestic Shorthair,Mix,0,1,1.0,Baby,Normal,6/13/2020 4:47 PM,Owner/Guardian Surrender,For Adoption,Other,,10/20/2020 8:12 PM,10/20/2020 8:12 PM,Adoption,Adoption Center,,
0,Domestic Shorthair,Mix,1,1,1.0,Baby,Normal,6/13/2020 4:47 PM,Owner/Guardian Surrender,For Adoption,Other,,11/11/2020 12:52 PM,11/11/2020 12:52 PM,Adoption,Adoption Center,,
0,Domestic Shorthair,Mix,1,1,1.0,Baby,Normal,6/13/2020 4:47 PM,Owner/Guardian Surrender,For Adoption,Other,,7/30/2020 12:28 PM,7/30/2020 12:28 PM,Adoption,Adoption Center,,
0,Domestic Shorthair,Mix,1,1,1.0,Baby,Normal,6/13/2020 4:47 PM,Owner/Guardian Surrender,For Adoption,Other,,11/11/2020 12:52 PM,11/11/2020 12:52 PM,Adoption,Adoption Center,,
0,Domestic Shorthair,Mix,1,1,23.0,Adult,Normal,6/17/2020 10:08 AM,Stray,Public Drop Off,,,1/13/2021 2:49 PM,1/13/2021 2:49 PM,Adoption,Adoption Center,,
2,American (short hair),American (short hair),0,0,,Young,Normal,6/17/2020 10:48 AM,Owner/Guardian Surrender,For Adoption,Time - Not Enough,,2/10/2021 7:38 PM,2/10/2021 7:38 PM,Adoption,Adoption Center,,
2,American (short hair),American (short hair),0,0,,Adult,Normal,6/17/2020 10:48 AM,Owner/Guardian Surrender,For Adoption,Time - Not Enough,,2/10/2021 7:38 PM,2/10/2021 7:38 PM,Adoption,Adoption Center,,
0,Domestic Medium Hair,Mix,0,1,,Young,Unsocialized,6/19/2020 10:29 AM,Clinic,Spay,,,6/19/2020 10:51 AM,6/19/2020 10:51 AM,Clinic Out,Vaccinations,,
0,Domestic Shorthair,Mix,0,1,,Adult,Unsocialized,6/19/2020 10:56 AM,Clinic,Spay,,,6/19/2020 10:58 AM,6/19/2020 10:58 AM,Clinic Out,Vaccinations,,
0,Siamese,Mix,0,1,,Adult,Unsocialized,6/19/2020 11:09 AM,Clinic,Spay,,,6/19/2020 11:11 AM,6/19/2020 11:11 AM,Clinic Out,Vaccinations,,
0,Domestic Shorthair,Mix,0,1,,Young,Unsocialized,6/19/2020 11:13 AM,Clinic,Spay,,,6/19/2020 11:17 AM,6/19/2020 11:17 AM,Clinic Out,Vaccinations,,
0,Domestic Shorthair,Mix,0,1,,Young,Unsocialized,6/19/2020 11:13 AM,Clinic,Spay,,,6/19/2020 11:20 AM,6/19/2020 11:20 AM,Clinic Out,Vaccinations,,
0,Domestic Shorthair,Mix,1,1,,Adult,Unsocialized,6/19/2020 11:28 AM,Clinic,Spay,,,6/19/2020 11:36 AM,6/19/2020 11:36 AM,Clinic Out,Vaccinations,,
0,Domestic Shorthair,Mix,1,1,,Adult,Unsocialized,6/19/2020 11:28 AM,Clinic,Spay,,,6/19/2020 11:53 AM,6/19/2020 11:53 AM,Clinic Out,Vaccinations,,
0,Domestic Shorthair,Mix,1,1,,Adult,Unsocialized,6/19/2020 11:28 AM,Clinic,Spay,,,6/19/2020 12:08 PM,6/19/2020 12:08 PM,Clinic Out,Vaccinations,,
0,Domestic Longhair,Mix,1,1,,Adult,Unsocialized,6/19/2020 11:28 AM,Clinic,Spay,,,6/19/2020 12:09 PM,6/19/2020 12:09 PM,Clinic Out,Vaccinations,,
0,Domestic Shorthair,Mix,1,1,,Adult,Unsocialized,6/19/2020 11:28 AM,Clinic,Spay,,,6/19/2020 12:10 PM,6/19/2020 12:10 PM,Clinic Out,Vaccinations,,
0,Domestic Shorthair,Mix,0,1,,Adult,Unsocialized,6/19/2020 11:28 AM,Clinic,Spay,,,6/19/2020 12:03 PM,6/19/2020 12:03 PM,Clinic Out,Vaccinations,,
0,Domestic Shorthair,Mix,1,1,,Adult,Unsocialized,6/19/2020 11:28 AM,Clinic,Spay,,,6/19/2020 12:12 PM,6/19/2020 12:12 PM,Clinic Out,Vaccinations,,
0,Domestic Shorthair,Mix,1,1,,Young,Unsocialized,6/19/2020 11:44 AM,Clinic,Neuter,,,6/19/2020 12:07 PM,6/19/2020 12:07 PM,Clinic Out,Vaccinations,,
1,"Dachshund, Standard Smooth Haired",Mix,1,1,119.0,Senior,Sick,6/18/2020 2:40 PM,Stray,Public Drop Off,,,10/21/2020 12:14 PM,10/21/2020 12:14 PM,Adoption,Adoption Center,,
1,Shih Tzu,,0,1,,Adult,Normal,6/21/2020 3:43 PM,Stray,Public Drop Off,,,6/21/2020 3:47 PM,6/21/2020 3:47 PM,Return to Owner/Guardian,Stray Reclaim,,
0,Domestic Shorthair,Mix,1,1,2.0,Baby,Sick,6/19/2020 4:04 PM,Owner/Guardian Surrender,For Adoption,Other,,12/28/2020 7:57 PM,12/28/2020 7:57 PM,Adoption,Adoption Center,,
0,Domestic Shorthair,Mix,1,1,2.0,Baby,Sick,6/19/2020 4:04 PM,Owner/Guardian Surrender,For Adoption,Other,,1/8/2021 5:45 PM,1/8/2021 5:45 PM,Adoption,Adoption Center,,
0,Domestic Shorthair,Mix,0,1,36.0,Adult,Normal,6/20/2020 4:26 PM,Owner/Guardian Surrender,For Adoption,Other,,8/12/2020 2:15 PM,8/12/2020 2:15 PM,Adoption,Adoption Center,,
0,Domestic Medium Hair,Mix,0,1,11.0,Adult,Normal,6/20/2020 4:37 PM,Owner/Guardian Surrender,For Adoption,Other,,1/22/2021 5:40 PM,1/22/2021 5:40 PM,Adoption,Adoption Center,,
0,Domestic Shorthair,Mix,0,1,1.0,Young,Normal,6/22/2020 1:35 PM,Owner/Guardian Surrender,For Adoption,Can't find homes for litter,,9/14/2020 3:09 PM,9/14/2020 3:09 PM,Adoption,Adoption Center,,
0,Domestic Shorthair,Mix,0,1,1.0,Young,Normal,6/22/2020 1:35 PM,Owner/Guardian Surrender,For Adoption,Can't find homes for litter,,9/14/2020 3:09 PM,9/14/2020 3:09 PM,Adoption,Adoption Center,,
0,Domestic Shorthair,Mix,0,1,1.0,Young,Normal,6/22/2020 1:35 PM,Owner/Guardian Surrender,For Adoption,Can't find homes for litter,,9/3/2020 6:35 PM,9/3/2020 6:35 PM,Adoption,Adoption Center,,
0,Domestic Shorthair,Mix,0,1,1.0,Young,Normal,6/22/2020 1:35 PM,Owner/Guardian Surrender,For Adoption,Can't find homes for litter,,9/14/2020 3:09 PM,9/14/2020 3:09 PM,Adoption,Adoption Center,,
0,Domestic Shorthair,Mix,0,1,1.0,Young,Normal,6/22/2020 1:35 PM,Owner/Guardian Surrender,For Adoption,Can't find homes for litter,,9/14/2020 3:09 PM,9/14/2020 3:09 PM,Adoption,Adoption Center,,
0,Domestic Shorthair,Mix,0,1,1.0,Young,Normal,6/22/2020 1:35 PM,Owner/Guardian Surrender,For Adoption,Can't find homes for litter,,8/15/2020 2:33 PM,8/15/2020 2:33 PM,Adoption,Adoption Center,,
0,Domestic Shorthair,Mix,0,1,9.0,Young,Normal,6/24/2020 6:51 PM,Owner/Guardian Surrender,For Adoption,Can't find homes for litter,,9/26/2020 4:48 PM,9/26/2020 4:48 PM,Adoption,Adoption Center,,
0,Domestic Shorthair,Mix,2,0,1.0,Baby,Unweaned,6/24/2020 6:51 PM,Owner/Guardian Surrender,For Adoption,Can't find homes for litter,,6/28/2020 4:51 PM,6/28/2020 4:51 PM,Transfer Out,To Specific Rescue,For Adoption,Green Bay Animal Rescue
0,Domestic Shorthair,Mix,1,1,1.0,Baby,Unweaned,6/24/2020 6:51 PM,Owner/Guardian Surrender,For Adoption,Can't find homes for litter,,10/4/2020 12:17 PM,,Died,Unknown,,
0,Domestic Shorthair,Mix,0,1,1.0,Baby,Unweaned,6/24/2020 6:51 PM,Owner/Guardian Surrender,For Adoption,Can't find homes for litter,,10/20/2020 8:29 PM,10/20/2020 8:29 PM,Adoption,Adoption Center,,
0,Domestic Shorthair,Mix,0,1,2.0,Baby,Unweaned,6/24/2020 6:51 PM,Owner/Guardian Surrender,For Adoption,Can't find homes for litter,,8/17/2020 2:50 PM,8/17/2020 2:50 PM,Adoption,Adoption Center,,
0,Domestic Shorthair,Mix,1,1,0.0,Baby,Unweaned,6/24/2020 6:57 PM,Owner/Guardian Surrender,For Adoption,Found/Can't Keep,,9/24/2020 12:55 PM,9/24/2020 12:55 PM,Adoption,Adoption Center,,
0,Domestic Shorthair,Mix,0,1,10.0,Young,Normal,6/26/2020 9:16 AM,Clinic,Spay,,,6/26/2020 1:20 PM,6/26/2020 1:20 PM,Clinic Out,Microchip,,
0,Domestic Shorthair,Mix,0,1,1.0,Young,Normal,6/26/2020 11:46 AM,Owner/Guardian Surrender,For Adoption,Found/Can't Keep,,9/13/2020 2:16 PM,9/13/2020 2:16 PM,Adoption,Adoption Center,,
0,Domestic Shorthair,Mix,0,1,3.0,Baby,Normal,6/28/2020 1:58 PM,Stray,Public Drop Off,,,9/15/2020 3:35 PM,9/15/2020 3:35 PM,Adoption,Adoption Center,,
1,Australian Shepherd,Mix,1,1,6.0,Young,Normal,6/28/2020 2:46 PM,Owner/Guardian Surrender,For Adoption,Other,,7/13/2020 12:27 PM,7/13/2020 12:27 PM,Adoption,Adoption Center,,
0,Domestic Shorthair,Mix,0,1,5.0,Young,Normal,6/28/2020 2:46 PM,Owner/Guardian Surrender,For Adoption,Other,,8/13/2020 4:18 PM,8/13/2020 4:18 PM,Adoption,Adoption Center,,
1,Pomeranian,"Chihuahua, Short Coat",1,1,32.0,Adult,Normal,7/2/2020 1:13 PM,Stray,ACO / Police Drop Off,,,7/3/2020 1:51 PM,7/3/2020 1:51 PM,Return to Owner/Guardian,Stray Reclaim,,
1,Shepherd,Mix,1,1,,Adult,Normal,7/6/2020 10:57 AM,Stray,ACO / Police Drop Off,,,7/6/2020 11:00 AM,7/6/2020 11:00 AM,Return to Owner/Guardian,Stray Reclaim,,
0,Domestic Shorthair,Mix,1,1,24.0,Young,Normal,7/7/2020 12:38 PM,Stray,ACO / Police Drop Off,,,7/9/2020 6:02 PM,7/9/2020 6:02 PM,Return to Owner/Guardian,Stray Reclaim,,
0,Domestic Shorthair,Mix,0,1,2.0,Baby,Normal,7/10/2020 8:21 PM,Owner/Guardian Surrender,For Adoption,Can't find homes for litter,,8/27/2020 6:33 PM,8/27/2020 6:33 PM,Adoption,Adoption Center,,
1,Australian Shepherd,Mix,0,1,0.0,Baby,Unweaned,7/12/2020 4:10 PM,Owner/Guardian Surrender,For Adoption,Other,,10/19/2020 8:53 PM,10/19/2020 8:53 PM,Adoption,Adoption Center,,
1,Australian Shepherd,Mix,0,1,0.0,Baby,Unweaned,7/12/2020 4:10 PM,Owner/Guardian Surrender,For Adoption,Other,,8/31/2020 12:17 PM,8/31/2020 12:17 PM,Adoption,Adoption Center,,
1,Australian Shepherd,Mix,0,1,0.0,Baby,Unweaned,7/12/2020 4:10 PM,Owner/Guardian Surrender,For Adoption,Other,,10/26/2020 7:51 PM,10/26/2020 7:51 PM,Adoption,Adoption Center,,
1,Australian Shepherd,Mix,0,1,0.0,Baby,Unweaned,7/12/2020 4:10 PM,Owner/Guardian Surrender,For Adoption,Other,,9/21/2020 11:38 AM,9/21/2020 11:38 AM,Adoption,Adoption Center,,
1,Australian Shepherd,Mix,1,1,0.0,Baby,Unweaned,7/12/2020 4:10 PM,Owner/Guardian Surrender,For Adoption,Other,,10/19/2020 8:32 PM,10/19/2020 8:32 PM,Adoption,Adoption Center,,
1,"Mixed Breed, Large (over 44 lbs fully grown)",Mix,0,0,,Adult,Normal,12/30/2020 3:30 PM,Stray,ACO / Police Drop Off,,,12/30/2020 3:35 PM,12/30/2020 3:35 PM,Return to Owner/Guardian,Stray Reclaim,,
1,"Chihuahua, Short Coat",Mix,0,1,,Young,Normal,12/29/2020 4:04 PM,Stray,ACO / Police Drop Off,,,1/2/2021 4:19 PM,1/2/2021 4:19 PM,Return to Owner/Guardian,Stray Reclaim,,
1,American Blue Heeler,Mix,1,0,,Adult,Normal,12/29/2020 4:04 PM,Stray,ACO / Police Drop Off,,,1/2/2021 4:19 PM,1/2/2021 4:19 PM,Return to Owner/Guardian,Stray Reclaim,,
1,"Mixed Breed, Medium (up to 44 lbs fully grown)",Mix,1,0,77.0,Adult,Fearful,4/30/2020 7:05 PM,Stray,ACO / Police Drop Off,,,5/4/2020 11:23 AM,5/4/2020 11:23 AM,Return to Owner/Guardian,Stray Reclaim,,
0,Domestic Shorthair,Mix,1,1,42.0,Adult,Normal,2/5/2020 3:20 PM,Return,Beyond Exchange Period,Allergies,,2/7/2020 4:45 PM,2/7/2020 4:45 PM,Adoption,Adoption Center,,
1,"Retriever, Labrador","Coonhound, Treeing Walker",1,1,33.0,Adult,Normal,11/5/2020 1:30 PM,Return,Beyond Exchange Period,Other,,1/16/2021 1:53 PM,1/16/2021 1:53 PM,Adoption,Adoption Center,,
1,Australian Cattle Dog,Australian Shepherd,1,1,29.0,Adult,Normal,10/17/2020 3:58 PM,Return,Beyond Exchange Period,Behavior Problem,,1/23/2021 5:51 PM,1/23/2021 5:51 PM,Adoption,Adoption Center,,
0,Siamese,Mix,0,1,,Adult,Normal,3/13/2020 8:24 AM,Clinic,Spay,,,3/13/2020 8:28 AM,3/13/2020 8:28 AM,Clinic Out,Other,,
0,Siamese,Mix,0,1,,Adult,Normal,3/14/2020 2:12 PM,Clinic,Microchip,,,3/14/2020 2:15 PM,3/14/2020 2:15 PM,Clinic Out,Microchip,,
1,Miniature Pinscher,Mix,1,1,29.0,Adult,Normal,3/31/2020 11:00 AM,Return,Beyond Exchange Period,Behavior Problem,,9/21/2020 11:16 AM,9/21/2020 11:16 AM,Adoption,Adoption Center,,
1,German Shepherd,Mix,1,1,16.0,Baby,Normal,12/29/2020 9:26 AM,Return,Beyond Exchange Period,Other,,1/17/2021 2:17 PM,1/17/2021 2:17 PM,Adoption,Adoption Center,,
0,Domestic Medium Hair,Mix,0,1,25.0,Adult,Normal,1/4/2020 12:50 PM,Return,Within Exchange Period,Other,,2/12/2020 2:00 PM,2/12/2020 2:00 PM,Adoption,Adoption Center,,
0,Domestic Shorthair,Mix,1,1,6.0,Adult,Normal,1/4/2020 10:23 AM,Stray,ACO / Police Drop Off,,,1/24/2020 2:28 PM,1/24/2020 2:28 PM,Adoption,Adoption Center,,
0,Domestic Shorthair,Mix,0,1,21.0,Adult,Normal,8/18/2020 9:30 AM,Return,Beyond Exchange Period,Other,,2/16/2021 1:21 PM,2/16/2021 1:21 PM,Adoption,Adoption Center,,
1,"Terrier, Jack Russell",American Blue Heeler,1,1,3.0,Baby,Normal,1/22/2020 1:48 PM,Return,Within Exchange Period,Time - Not Enough,,1/27/2020 2:31 PM,1/27/2020 2:31 PM,Transfer Out,For Adoption,For Adoption,Green Bay Animal Rescue
0,Domestic Shorthair,Mix,0,1,14.0,Adult,Normal,3/27/2020 12:21 PM,Return,Beyond Exchange Period,Behavior Problem,,9/29/2020 2:22 PM,9/29/2020 2:22 PM,Adoption,Adoption Center,,
1,Terrier,Mix,1,1,2.0,Baby,Normal,1/2/2020 2:18 PM,Owner/Guardian Surrender,For Adoption,Other,,1/17/2020 4:29 PM,1/17/2020 4:29 PM,Adoption,Adoption Center,,
1,Terrier,Mix,1,0,2.0,Baby,Normal,1/2/2020 2:18 PM,Owner/Guardian Surrender,For Adoption,Other,,1/2/2020 3:00 PM,1/2/2020 3:00 PM,Transfer Out,For Adoption,For Adoption,Bichon and Little Buddies Rescue
1,Terrier,Mix,1,1,2.0,Baby,Normal,1/2/2020 2:18 PM,Owner/Guardian Surrender,For Adoption,Other,,1/10/2020 11:17 AM,1/10/2020 11:17 AM,Adoption,Adoption Center,,
1,Terrier,Mix,1,1,2.0,Baby,Normal,1/2/2020 2:18 PM,Owner/Guardian Surrender,For Adoption,Other,,1/17/2020 2:29 PM,1/17/2020 2:29 PM,Adoption,Adoption Center,,
1,Terrier,Mix,1,1,3.0,Baby,Normal,1/29/2020 2:47 PM,Return,Within Exchange Period,Time - Not Enough,,3/9/2020 1:26 PM,3/9/2020 1:26 PM,Adoption,Adoption Center,,
1,Terrier,Mix,1,1,2.0,Baby,Normal,1/2/2020 2:18 PM,Owner/Guardian Surrender,For Adoption,Other,,1/17/2020 4:42 PM,1/17/2020 4:42 PM,Adoption,Adoption Center,,
1,Terrier,Mix,0,1,2.0,Baby,Normal,1/2/2020 2:18 PM,Owner/Guardian Surrender,For Adoption,Other,,1/20/2020 12:45 PM,1/20/2020 12:45 PM,Adoption,Adoption Center,,
1,Terrier,Mix,0,0,2.0,Baby,Normal,1/2/2020 2:18 PM,Owner/Guardian Surrender,For Adoption,Other,,1/2/2020 3:00 PM,1/2/2020 3:00 PM,Transfer Out,For Adoption,For Adoption,Bichon and Little Buddies Rescue
1,Terrier,Mix,0,1,2.0,Baby,Normal,1/2/2020 2:18 PM,Owner/Guardian Surrender,For Adoption,Other,,2/17/2020 12:04 PM,2/17/2020 12:04 PM,Adoption,Adoption Center,,
1,Terrier,Mix,0,1,2.0,Baby,Normal,1/2/2020 2:18 PM,Owner/Guardian Surrender,For Adoption,Other,,1/31/2020 6:18 PM,1/31/2020 6:18 PM,Adoption,Adoption Center,,
1,Terrier,Mix,0,1,2.0,Baby,Normal,1/2/2020 2:18 PM,Owner/Guardian Surrender,For Adoption,Other,,3/8/2020 3:31 PM,3/8/2020 3:31 PM,Adoption,Other Offsite,,
1,Terrier,Mix,0,0,2.0,Baby,Normal,1/2/2020 2:18 PM,Owner/Guardian Surrender,For Adoption,Other,,1/2/2020 3:00 PM,1/2/2020 3:00 PM,Transfer Out,For Adoption,For Adoption,Bichon and Little Buddies Rescue
1,Terrier,Mix,0,1,2.0,Baby,Normal,1/2/2020 2:18 PM,Owner/Guardian Surrender,For Adoption,Other,,1/23/2020 1:02 PM,1/23/2020 1:02 PM,Adoption,Adoption Center,,
1,Terrier,Mix,0,1,2.0,Baby,Normal,1/2/2020 2:18 PM,Owner/Guardian Surrender,For Adoption,Other,,2/10/2020 11:59 AM,2/10/2020 11:59 AM,Adoption,Adoption Center,,
1,Terrier,Mix,0,1,3.0,Baby,Normal,2/12/2020 11:32 AM,Return,Within Exchange Period,Time - Not Enough,,2/14/2020 5:33 PM,2/14/2020 5:33 PM,Adoption,Adoption Center,,
0,Domestic Shorthair,Mix,1,1,,Young,Normal,1/11/2020 3:09 PM,Stray,Public Drop Off,,,1/14/2020 11:55 AM,1/14/2020 11:55 AM,Return to Owner/Guardian,Stray Reclaim,,
0,Domestic Shorthair,Mix,1,1,,Young,Normal,1/17/2020 3:55 PM,Stray,Public Drop Off,,,1/17/2020 3:59 PM,1/17/2020 3:59 PM,Return to Owner/Guardian,Stray Reclaim,,
0,Domestic Shorthair,Mix,1,1,,Young,Normal,3/3/2020 5:33 PM,Stray,ACO / Police Drop Off,,,3/6/2020 5:35 PM,3/6/2020 5:35 PM,Return to Owner/Guardian,Stray Reclaim,,
1,Basset Hound,Mix,0,1,59.0,Adult,Normal,1/11/2020 5:49 PM,Owner/Guardian Surrender,For Adoption,Other,,2/1/2020 4:34 PM,2/1/2020 4:34 PM,Adoption,Adoption Center,,
1,Basset Hound,Beagle,1,1,1.0,Baby,Normal,1/11/2020 5:49 PM,Owner/Guardian Surrender,For Adoption,Other,,2/8/2020 12:47 PM,2/8/2020 12:47 PM,Adoption,Adoption Center,,
1,Basset Hound,Beagle,0,1,1.0,Baby,Normal,1/11/2020 5:49 PM,Owner/Guardian Surrender,For Adoption,Other,,2/8/2020 3:58 PM,2/8/2020 3:58 PM,Adoption,Adoption Center,,
1,German Shepherd,,0,1,2.0,Baby,Normal,1/11/2020 5:49 PM,Owner/Guardian Surrender,For Adoption,Other,,1/25/2020 12:32 PM,1/25/2020 12:32 PM,Adoption,Adoption Center,,
1,German Shepherd,,1,1,2.0,Baby,Normal,1/11/2020 5:49 PM,Owner/Guardian Surrender,For Adoption,Other,,2/7/2020 5:15 PM,2/7/2020 5:15 PM,Adoption,Adoption Center,,
1,German Shepherd,,0,1,2.0,Baby,Normal,1/11/2020 5:49 PM,Owner/Guardian Surrender,For Adoption,Other,,1/26/2020 1:37 PM,1/26/2020 1:37 PM,Adoption,Adoption Center,,
1,German Shepherd,,0,1,2.0,Baby,Normal,1/11/2020 5:49 PM,Owner/Guardian Surrender,For Adoption,Other,,2/5/2020 5:49 PM,2/5/2020 5:49 PM,Adoption,Adoption Center,,
1,German Shepherd,,0,1,2.0,Baby,Normal,1/11/2020 5:49 PM,Owner/Guardian Surrender,For Adoption,Other,,1/25/2020 12:52 PM,1/25/2020 12:52 PM,Adoption,Adoption Center,,
1,Shetland Sheepdog,Mix,0,1,17.0,Adult,Normal,1/11/2020 5:49 PM,Owner/Guardian Surrender,For Adoption,Other,,4/17/2020 1:32 PM,4/17/2020 1:32 PM,Adoption,Adoption Center,,
1,"Terrier, Rat",Australian Shepherd,0,1,2.0,Baby,Normal,1/14/2020 11:51 AM,Owner/Guardian Surrender,For Adoption,Other,,1/29/2020 6:16 PM,1/29/2020 6:16 PM,Adoption,Adoption Center,,
1,"Terrier, Rat",Australian Shepherd,0,1,2.0,Baby,Normal,1/14/2020 11:51 AM,Owner/Guardian Surrender,For Adoption,Other,,2/14/2020 4:53 PM,2/14/2020 4:53 PM,Adoption,Adoption Center,,
1,"Terrier, Rat",Australian Shepherd,1,1,2.0,Baby,Normal,1/14/2020 11:51 AM,Owner/Guardian Surrender,For Adoption,Other,,2/7/2020 5:47 PM,2/7/2020 5:47 PM,Adoption,Adoption Center,,
1,"Terrier, Rat",Australian Shepherd,1,1,2.0,Baby,Normal,1/14/2020 11:51 AM,Owner/Guardian Surrender,For Adoption,Other,,2/1/2020 4:10 PM,2/1/2020 4:10 PM,Adoption,Adoption Center,,
0,Domestic Shorthair,Mix,0,1,35.0,Adult,Normal,1/16/2020 2:41 PM,Stray,ACO / Police Drop Off,,,6/5/2020 11:56 AM,6/5/2020 11:56 AM,Adoption,Adoption Center,,
1,Siberian Husky,Mix,0,0,,Adult,Normal,1/17/2020 5:40 PM,Stray,ACO / Police Drop Off,,,1/17/2020 5:42 PM,1/17/2020 5:42 PM,Return to Owner/Guardian,Stray Reclaim,,
1,Australian Shepherd,Mix,0,1,24.0,Young,Normal,1/20/2020 11:14 AM,Owner/Guardian Surrender,For Adoption,Other,,2/17/2020 1:01 PM,2/17/2020 1:01 PM,Adoption,Adoption Center,,
1,Australian Shepherd,Mix,0,1,25.0,Young,Normal,2/26/2020 2:18 PM,Return,Within Exchange Period,Too Many Pets,,3/18/2020 5:08 PM,3/18/2020 5:08 PM,Transfer Out,To Specific Rescue,For Adoption,Wolf River Vet/ SAFE
1,Australian Shepherd,American Blue Heeler,1,1,1.0,Baby,Normal,1/25/2020 3:21 PM,Owner/Guardian Surrender,For Adoption,Other,,2/29/2020 4:02 PM,2/29/2020 4:02 PM,Adoption,Adoption Center,,
1,Australian Shepherd,American Blue Heeler,1,1,1.0,Baby,Normal,1/25/2020 3:21 PM,Owner/Guardian Surrender,For Adoption,Other,,3/18/2020 2:17 PM,3/18/2020 2:17 PM,Adoption,Adoption Center,,
1,Australian Shepherd,American Blue Heeler,0,1,1.0,Baby,Normal,1/25/2020 3:21 PM,Owner/Guardian Surrender,For Adoption,Other,,3/8/2020 11:32 AM,3/8/2020 11:32 AM,Adoption,Adoption Center,,
1,Australian Shepherd,American Blue Heeler,0,1,1.0,Baby,Normal,1/25/2020 3:21 PM,Owner/Guardian Surrender,For Adoption,Other,,2/21/2020 2:54 PM,2/21/2020 2:54 PM,Adoption,Adoption Center,,
1,American Blue Heeler,Mix,1,1,1.0,Baby,Normal,1/27/2020 2:19 PM,Owner/Guardian Surrender,For Adoption,Other,,3/1/2020 10:47 AM,3/1/2020 10:47 AM,Adoption,Adoption Center,,
1,American Blue Heeler,Mix,1,1,1.0,Baby,Normal,1/27/2020 2:19 PM,Owner/Guardian Surrender,For Adoption,Other,,3/13/2020 4:50 PM,3/13/2020 4:50 PM,Adoption,Adoption Center,,
1,American Blue Heeler,Mix,1,1,1.0,Baby,Normal,1/27/2020 2:19 PM,Owner/Guardian Surrender,For Adoption,Other,,3/11/2020 4:19 PM,3/11/2020 4:19 PM,Adoption,Adoption Center,,
1,American Blue Heeler,Mix,0,1,1.0,Baby,Normal,1/27/2020 2:19 PM,Owner/Guardian Surrender,For Adoption,Other,,2/22/2020 2:20 PM,2/22/2020 2:20 PM,Adoption,Adoption Center,,
1,American Blue Heeler,Mix,0,1,1.0,Baby,Normal,1/27/2020 2:19 PM,Owner/Guardian Surrender,For Adoption,Other,,3/7/2020 1:13 PM,3/7/2020 1:13 PM,Adoption,Adoption Center,,
1,American Blue Heeler,Mix,0,1,1.0,Baby,Normal,1/27/2020 2:19 PM,Owner/Guardian Surrender,For Adoption,Other,,2/15/2020 1:46 PM,2/15/2020 1:46 PM,Adoption,Adoption Center,,
1,American Blue Heeler,Mix,0,1,2.0,Baby,Normal,2/20/2020 10:38 AM,Return,Within Exchange Period,Time - Not Enough,,3/7/2020 12:59 PM,3/7/2020 12:59 PM,Adoption,Adoption Center,,
1,American Blue Heeler,Mix,2,0,1.0,Baby,Normal,1/27/2020 2:19 PM,Owner/Guardian Surrender,For Adoption,Other,,1/27/2020 2:43 PM,1/27/2020 2:43 PM,Transfer Out,For Adoption,For Adoption,Green Bay Animal Rescue
1,American Blue Heeler,Mix,2,0,1.0,Baby,Normal,1/27/2020 2:19 PM,Owner/Guardian Surrender,For Adoption,Other,,1/27/2020 2:43 PM,1/27/2020 2:43 PM,Transfer Out,For Adoption,For Adoption,Green Bay Animal Rescue
1,American Blue Heeler,Mix,2,0,1.0,Baby,Normal,1/27/2020 2:19 PM,Owner/Guardian Surrender,For Adoption,Other,,1/27/2020 2:43 PM,1/27/2020 2:43 PM,Transfer Out,For Adoption,For Adoption,Green Bay Animal Rescue
1,American Blue Heeler,Mix,2,0,1.0,Baby,Normal,1/27/2020 2:19 PM,Owner/Guardian Surrender,For Adoption,Other,,1/27/2020 2:43 PM,1/27/2020 2:43 PM,Transfer Out,For Adoption,For Adoption,Green Bay Animal Rescue
0,Domestic Shorthair,Mix,1,1,23.0,Adult,Normal,1/27/2020 10:38 AM,Stray,ACO / Police Drop Off,,,4/22/2020 8:27 PM,4/22/2020 8:27 PM,Adoption,Adoption Center,,
0,Domestic Medium Hair,Mix,0,0,1.0,Baby,Sick,1/31/2020 7:42 PM,Stray,Public Drop Off,,,2/8/2020 5:32 PM,,Died,Ill,,
0,Domestic Medium Hair,Mix,0,1,1.0,Baby,Sick,1/31/2020 7:42 PM,Stray,Public Drop Off,,,3/20/2020 2:18 PM,3/20/2020 2:18 PM,Adoption,Adoption Center,,
1,Shetland Sheepdog,Mix,0,1,0.0,Baby,Normal,2/2/2020 2:16 PM,Owner/Guardian Surrender,Born in Care,Other,,4/14/2020 11:34 AM,4/14/2020 11:34 AM,Adoption,Adoption Center,,
1,Shetland Sheepdog,Mix,0,1,0.0,Baby,Normal,2/2/2020 2:16 PM,Owner/Guardian Surrender,Born in Care,Other,,4/14/2020 11:46 AM,4/14/2020 11:46 AM,Adoption,Adoption Center,,
1,Australian Shepherd,Mix,1,1,0.0,Baby,Unweaned,7/12/2020 4:10 PM,Owner/Guardian Surrender,For Adoption,Other,,8/31/2020 12:50 PM,8/31/2020 12:50 PM,Adoption,Adoption Center,,
1,Australian Shepherd,Mix,1,1,0.0,Baby,Unweaned,7/12/2020 4:10 PM,Owner/Guardian Surrender,For Adoption,Other,,9/12/2020 2:48 PM,9/12/2020 2:48 PM,Adoption,Adoption Center,,
1,Australian Shepherd,Mix,1,1,0.0,Baby,Unweaned,7/12/2020 4:10 PM,Owner/Guardian Surrender,For Adoption,Other,,9/14/2020 10:13 AM,9/14/2020 10:13 AM,Adoption,Adoption Center,,
1,"Terrier, Rat",Australian Shepherd,0,1,8.0,Baby,Normal,7/12/2020 4:10 PM,Owner/Guardian Surrender,For Adoption,Other,,9/12/2020 3:42 PM,9/12/2020 3:42 PM,Adoption,Adoption Center,,
1,Australian Shepherd,Mix,0,1,36.0,Adult,Normal,7/12/2020 4:26 PM,Owner/Guardian Surrender,For Adoption,Other,,9/15/2020 9:58 AM,9/15/2020 9:58 AM,Adoption,Adoption Center,,
1,Australian Shepherd,Mix,1,1,0.0,Baby,Unweaned,7/12/2020 4:30 PM,Owner/Guardian Surrender,For Adoption,Other,,9/1/2020 11:41 AM,9/1/2020 11:41 AM,Adoption,Adoption Center,,
1,"Spaniel, American Cocker",,0,1,84.0,Adult,Normal,7/16/2020 12:01 PM,Owner/Guardian Surrender,For Adoption,Health Issues/Human,,10/23/2020 4:39 PM,10/23/2020 4:39 PM,Transfer Out,To Specific Rescue,For Adoption,WI Cocker Rescue
0,Domestic Shorthair,Mix,1,1,2.0,Baby,Normal,7/16/2020 7:32 PM,Stray,Public Drop Off,,,1/27/2021 1:17 PM,1/27/2021 1:17 PM,Transfer Out,To Specific Rescue,For Adoption,Orphan Animal Rescue - OARS
0,Domestic Medium Hair,Mix,0,1,17.0,Adult,Normal,7/17/2020 4:14 PM,Owner/Guardian Surrender,For Adoption,Can't Afford,,10/19/2020 8:41 PM,10/19/2020 8:41 PM,Adoption,Adoption Center,,
0,Domestic Shorthair,Mix,1,1,2.0,Baby,Normal,7/22/2020 7:43 PM,Stray,Public Drop Off,,,1/27/2021 1:17 PM,1/27/2021 1:17 PM,Transfer Out,To Specific Rescue,For Adoption,Orphan Animal Rescue - OARS
0,Domestic Shorthair,Mix,0,1,11.0,Adult,Normal,7/23/2020 2:41 PM,Stray,Public Drop Off,,,2/23/2021 9:15 PM,2/23/2021 9:15 PM,Adoption,Adoption Center,,
0,Domestic Shorthair,Mix,1,1,24.0,Adult,Normal,7/25/2020 2:00 PM,Owner/Guardian Surrender,For Adoption,Time - Not Enough,,11/12/2020 11:05 AM,11/12/2020 11:05 AM,Adoption,Adoption Center,,
0,Domestic Shorthair,Mix,0,0,,Adult,Normal,7/27/2020 11:17 AM,Stray,ACO / Police Drop Off,,,10/2/2020 11:18 AM,,Euthanasia,Disease - Chronic,,
0,Domestic Shorthair,Mix,1,1,18.0,Adult,Normal,7/30/2020 10:59 AM,Owner/Guardian Surrender,For Adoption,Found/Can't Keep,,1/31/2021 2:38 PM,1/31/2021 2:38 PM,Adoption,Adoption Center,,
0,Domestic Shorthair,Mix,0,1,2.0,Young,Normal,7/31/2020 3:51 PM,Owner/Guardian Surrender,For Adoption,Found/Can't Keep,,9/14/2020 3:51 PM,9/14/2020 3:51 PM,Adoption,Adoption Center,,
0,Domestic Shorthair,Mix,0,1,9.0,Young,Sick,8/3/2020 9:59 AM,Stray,ACO / Police Drop Off,,,3/2/2021 11:44 AM,3/2/2021 11:44 AM,Transfer Out,For Adoption,For Adoption,Orphan Animal Rescue - OARS
1,Shih Tzu,Mix,1,1,,Adult,Normal,8/8/2020 11:53 AM,Owner/Guardian Surrender,For Adoption,Elderly/Can't care for,,9/24/2020 1:37 PM,9/24/2020 1:37 PM,Adoption,Adoption Center,,
0,Domestic Shorthair,Mix,1,1,0.0,Baby,Unweaned,8/8/2020 1:22 PM,Owner/Guardian Surrender,For Adoption,Other,,11/6/2020 11:24 AM,11/6/2020 11:24 AM,Adoption,Adoption Center,,
0,Domestic Shorthair,Mix,0,1,0.0,Baby,Unweaned,8/8/2020 1:22 PM,Owner/Guardian Surrender,For Adoption,Other,,11/6/2020 11:24 AM,11/6/2020 11:24 AM,Adoption,Adoption Center,,
1,Terrier,Mix,0,0,,Adult,Normal,8/10/2020 12:24 PM,Stray,ACO / Police Drop Off,,,8/12/2020 2:02 PM,8/12/2020 2:02 PM,Return to Owner/Guardian,Stray Reclaim,,
1,Terrier,Mix,0,0,,Adult,Normal,12/24/2020 9:55 AM,Stray,ACO / Police Drop Off,,,12/28/2020 9:18 AM,12/28/2020 9:18 AM,Return to Owner/Guardian,Stray Reclaim,,
0,Domestic Shorthair,Mix,1,1,0.0,Baby,Unweaned,8/11/2020 12:29 PM,Owner/Guardian Surrender,For Adoption,Found/Can't Keep,,10/28/2020 11:03 AM,10/28/2020 11:03 AM,Adoption,Adoption Center,,
0,Domestic Shorthair,Mix,1,1,0.0,Baby,Unweaned,8/11/2020 12:29 PM,Owner/Guardian Surrender,For Adoption,Found/Can't Keep,,10/27/2020 8:43 AM,10/27/2020 8:43 AM,Adoption,Adoption Center,,
0,Domestic Shorthair,Mix,1,1,0.0,Baby,Unweaned,8/11/2020 12:29 PM,Owner/Guardian Surrender,For Adoption,Found/Can't Keep,,10/28/2020 11:03 AM,10/28/2020 11:03 AM,Adoption,Adoption Center,,
0,Domestic Shorthair,Mix,1,1,0.0,Baby,Unweaned,8/11/2020 12:29 PM,Owner/Guardian Surrender,For Adoption,Found/Can't Keep,,11/16/2020 8:33 PM,11/16/2020 8:33 PM,Adoption,Adoption Center,,
0,Domestic Shorthair,Mix,0,1,0.0,Baby,Unweaned,8/11/2020 12:29 PM,Owner/Guardian Surrender,For Adoption,Found/Can't Keep,,11/16/2020 8:33 PM,11/16/2020 8:33 PM,Adoption,Adoption Center,,
0,Domestic Medium Hair,Mix,1,1,2.0,Baby,Normal,8/12/2020 9:53 AM,Transfer In,For Adoption,Other,Shawano Cares About Critters (SCAC),9/24/2020 1:24 PM,9/24/2020 1:24 PM,Adoption,Adoption Center,,
0,Domestic Longhair,Mix,1,1,2.0,Baby,Normal,8/12/2020 9:53 AM,Transfer In,For Adoption,Other,Shawano Cares About Critters (SCAC),10/18/2020 2:45 PM,10/18/2020 2:45 PM,Adoption,Adoption Center,,
0,Domestic Longhair,Mix,0,1,2.0,Baby,Normal,8/12/2020 9:53 AM,Transfer In,For Adoption,Other,Shawano Cares About Critters (SCAC),11/16/2020 7:59 PM,11/16/2020 7:59 PM,Adoption,Adoption Center,,
0,Domestic Shorthair,Mix,0,1,2.0,Baby,Normal,8/12/2020 9:53 AM,Transfer In,For Adoption,Other,Shawano Cares About Critters (SCAC),10/18/2020 2:45 PM,10/18/2020 2:45 PM,Adoption,Adoption Center,,
0,Domestic Longhair,Mix,1,1,2.0,Baby,Normal,8/12/2020 9:53 AM,Transfer In,For Adoption,Other,Shawano Cares About Critters (SCAC),9/3/2020 5:58 PM,9/3/2020 5:58 PM,Adoption,Adoption Center,,
0,Domestic Shorthair,Mix,0,1,2.0,Baby,Normal,8/14/2020 3:07 PM,Stray,ACO / Police Drop Off,,,2/9/2021 8:44 PM,2/9/2021 8:44 PM,Adoption,Adoption Center,,
0,Domestic Medium Hair,Mix,0,1,11.0,Young,Feral,8/15/2020 12:36 PM,Stray,ACO / Police Drop Off,,,8/21/2020 12:22 PM,8/21/2020 12:22 PM,Adoption,Adoption Center,,
0,Domestic Shorthair,Mix,1,1,1.0,Young,Normal,8/18/2020 10:05 AM,Stray,ACO / Police Drop Off,,,12/18/2020 5:45 PM,12/18/2020 5:45 PM,Adoption,Adoption Center,,
0,Domestic Shorthair,Mix,1,1,25.0,Adult,Normal,8/20/2020 5:14 PM,Stray,Abandoned,,,1/4/2021 4:41 PM,1/4/2021 4:41 PM,Adoption,Adoption Center,,
0,Domestic Shorthair,Mix,1,1,1.0,Baby,Normal,8/20/2020 5:28 PM,Stray,ACO / Police Drop Off,,,11/6/2020 11:24 AM,11/6/2020 11:24 AM,Adoption,Adoption Center,,
1,Lhasa Apso,Mix,1,1,180.0,Senior,Sick,8/21/2020 11:52 AM,Owner/Guardian Surrender,Euthanasia Owner Request,Health Issues of Dog,,8/21/2020 12:01 PM,,Euthanasia,Disease - Chronic,,
1,"Chihuahua, Short Coat",Mix,1,1,,Adult,Normal,8/28/2020 7:44 AM,Clinic,Neuter,,,8/28/2020 10:52 AM,8/28/2020 10:52 AM,Clinic Out,Vaccinations,,
1,"Terrier, Pit Bull",American Blue Heeler,0,1,48.0,Adult,Normal,8/28/2020 9:39 AM,Clinic,Spay,,,8/28/2020 11:41 AM,8/28/2020 11:41 AM,Clinic Out,Other,,
1,Miniature Pinscher,"Chihuahua, Short Coat",0,1,12.0,Adult,Normal,8/28/2020 9:51 AM,Clinic,Spay,,,8/28/2020 11:45 AM,8/28/2020 11:45 AM,Clinic Out,Other,,
1,"Terrier, Yorkshire",Mix,1,1,7.0,Young,Normal,8/28/2020 9:59 AM,Clinic,Neuter,,,8/28/2020 11:55 AM,8/28/2020 11:55 AM,Clinic Out,Microchip,,
1,"Retriever, Labrador","Dachshund, Miniature Smooth Haired",0,1,,Adult,Normal,8/28/2020 10:02 AM,Clinic,Neuter,,,8/28/2020 10:22 AM,8/28/2020 10:22 AM,Clinic Out,Vaccinations,,
0,Domestic Shorthair,Mix,0,1,,Adult,Normal,8/28/2020 10:02 AM,Clinic,Neuter,,,8/28/2020 10:45 AM,8/28/2020 10:45 AM,Clinic Out,Vaccinations,,
1,"Retriever, Labrador",Terrier,0,1,,Adult,Normal,8/28/2020 10:07 AM,Clinic,Spay,,,8/28/2020 11:49 AM,8/28/2020 11:49 AM,Clinic Out,Other,,
0,Domestic Shorthair,Mix,1,1,10.0,Adult,Normal,8/29/2020 4:20 PM,Stray,ACO / Police Drop Off,,,11/3/2020 6:39 PM,11/3/2020 6:39 PM,Adoption,Adoption Center,,
0,Domestic Shorthair,Mix,1,1,3.0,Baby,Fearful,8/29/2020 5:08 PM,Stray,Public Drop Off,,,10/18/2020 3:34 PM,10/18/2020 3:34 PM,Adoption,Adoption Center,,
0,Domestic Shorthair,Mix,0,1,3.0,Baby,Fearful,8/29/2020 5:08 PM,Stray,Public Drop Off,,,10/18/2020 3:34 PM,10/18/2020 3:34 PM,Adoption,Adoption Center,,
0,Domestic Shorthair,Mix,0,1,3.0,Baby,Fearful,8/29/2020 5:08 PM,Stray,Public Drop Off,,,10/18/2020 3:34 PM,10/18/2020 3:34 PM,Adoption,Adoption Center,,
0,Domestic Shorthair,Mix,0,1,1.0,Young,Normal,8/31/2020 12:33 PM,Stray,ACO / Police Drop Off,,,11/6/2020 11:24 AM,11/6/2020 11:24 AM,Adoption,Adoption Center,,
0,Domestic Longhair,Mix,1,1,49.0,Adult,Normal,9/1/2020 10:03 AM,Owner/Guardian Surrender,For Adoption,Birth of Baby (human),,1/16/2021 5:47 PM,1/16/2021 5:47 PM,Adoption,Adoption Center,,
1,"Retriever, Labrador",Mix,0,0,7.0,Young,Normal,9/2/2020 2:35 PM,Clinic,Microchip,,,9/2/2020 2:39 PM,9/2/2020 2:39 PM,Clinic Out,Microchip,,
0,Domestic Shorthair,Mix,0,1,35.0,Young,Normal,9/3/2020 3:07 PM,Stray,Abandoned,,,11/14/2020 3:01 PM,11/14/2020 3:01 PM,Adoption,Adoption Center,,
0,Domestic Shorthair,Mix,0,1,1.0,Baby,Sick & Injured,9/5/2020 2:12 PM,Stray,Public Drop Off,,,12/13/2020 12:40 PM,12/13/2020 12:40 PM,Adoption,Adoption Center,,
0,Domestic Shorthair,Mix,1,1,1.0,Baby,Sick & Injured,9/5/2020 2:12 PM,Stray,Public Drop Off,,,12/13/2020 12:40 PM,12/13/2020 12:40 PM,Adoption,Adoption Center,,
1,Border Collie,Mix,1,1,9.0,Baby,Normal,9/11/2020 2:18 PM,Owner/Guardian Surrender,For Adoption,Other,,9/18/2020 10:53 AM,9/18/2020 10:53 AM,Adoption,Adoption Center,,
0,Domestic Shorthair,Mix,1,1,2.0,Baby,Normal,9/11/2020 7:21 PM,Owner/Guardian Surrender,For Adoption,Found/Can't Keep,,10/31/2020 1:24 PM,10/31/2020 1:24 PM,Adoption,Adoption Center,,
1,"Terrier, Rat",Mix,1,1,1.0,Baby,Normal,9/14/2020 1:26 PM,Owner/Guardian Surrender,For Adoption,Other,,1/4/2021 4:51 PM,1/4/2021 4:51 PM,Adoption,Adoption Center,,
1,"Terrier, Rat",Mix,1,1,1.0,Baby,Normal,9/14/2020 1:26 PM,Owner/Guardian Surrender,For Adoption,Other,,11/16/2020 11:12 AM,11/16/2020 11:12 AM,Adoption,Adoption Center,,
1,"Terrier, Rat",Mix,1,1,1.0,Baby,Normal,9/14/2020 1:26 PM,Owner/Guardian Surrender,For Adoption,Other,,10/24/2020 4:14 PM,10/24/2020 4:14 PM,Adoption,Adoption Center,,
1,"Terrier, Rat",Mix,1,1,1.0,Baby,Normal,9/14/2020 1:26 PM,Owner/Guardian Surrender,For Adoption,Other,,10/28/2020 11:48 AM,10/28/2020 11:48 AM,Adoption,Adoption Center,,
1,"Terrier, Rat",Mix,1,1,1.0,Baby,Normal,9/14/2020 1:26 PM,Owner/Guardian Surrender,For Adoption,Other,,10/18/2020 4:21 PM,10/18/2020 4:21 PM,Adoption,Adoption Center,,
1,"Terrier, Rat",Mix,1,1,1.0,Baby,Normal,9/14/2020 1:26 PM,Owner/Guardian Surrender,For Adoption,Other,,3/18/2021 2:58 PM,3/18/2021 2:58 PM,Adoption,Adoption Center,,
0,Domestic Shorthair,Mix,1,1,49.0,Adult,Normal,9/17/2020 9:07 AM,Owner/Guardian Surrender,For Adoption,Allergies,,10/23/2020 3:38 PM,10/23/2020 3:38 PM,Transfer Out,To Specific Rescue,For Adoption,Oshkosh Area Humane Society
1,"Mixed Breed, Medium (up to 44 lbs fully grown)",Mix,1,1,9.0,Young,Normal,9/24/2020 10:41 AM,Owner/Guardian Surrender,For Adoption,Other,,11/16/2020 9:43 AM,11/16/2020 9:43 AM,Adoption,Adoption Center,,
0,Domestic Shorthair,Mix,1,1,4.0,Young,Normal,10/6/2020 12:42 PM,Stray,Public Drop Off,,,4/29/2021 8:16 AM,4/29/2021 8:16 AM,Transfer Out,For Adoption,For Adoption,Orphan Animal Rescue - OARS
1,"Retriever, Labrador",Mix,1,1,3.0,Baby,Normal,9/28/2020 11:48 AM,Clinic,Microchip,,,9/28/2020 12:17 PM,9/28/2020 12:17 PM,Clinic Out,Microchip,,
1,"Retriever, Labrador",Mix,1,1,3.0,Baby,Normal,10/23/2020 1:47 PM,Clinic,Neuter,,,10/23/2020 1:49 PM,10/23/2020 1:49 PM,Clinic Out,Other,,
1,"Mixed Breed, Medium (up to 44 lbs fully grown)",Mix,0,1,,Adult,Normal,9/27/2020 12:28 PM,Stray,ACO / Police Drop Off,,,9/28/2020 12:38 PM,9/28/2020 12:38 PM,Return to Owner/Guardian,Stray Reclaim,,
1,"Mixed Breed, Small (under 24 lbs fully grown)",Mix,0,1,,Adult,Normal,9/27/2020 12:28 PM,Stray,ACO / Police Drop Off,,,9/28/2020 12:38 PM,9/28/2020 12:38 PM,Return to Owner/Guardian,Stray Reclaim,,
1,Shetland Sheepdog,Mix,0,1,0.0,Baby,Normal,2/2/2020 2:16 PM,Owner/Guardian Surrender,Born in Care,Other,,4/14/2020 11:58 AM,4/14/2020 11:58 AM,Adoption,Adoption Center,,
1,Shetland Sheepdog,Mix,0,1,0.0,Baby,Normal,2/2/2020 2:16 PM,Owner/Guardian Surrender,Born in Care,Other,,4/5/2020 4:06 PM,4/5/2020 4:06 PM,Adoption,Other Offsite,,
1,Shetland Sheepdog,Mix,0,1,0.0,Baby,Normal,2/2/2020 2:16 PM,Owner/Guardian Surrender,Born in Care,Other,,4/14/2020 11:25 AM,4/14/2020 11:25 AM,Adoption,Adoption Center,,
1,Shetland Sheepdog,Mix,1,1,0.0,Baby,Normal,2/2/2020 2:16 PM,Owner/Guardian Surrender,Born in Care,Other,,4/5/2020 3:04 PM,4/5/2020 3:04 PM,Adoption,Adoption Center,,
1,Shetland Sheepdog,Mix,1,1,0.0,Baby,Normal,2/2/2020 2:16 PM,Owner/Guardian Surrender,Born in Care,Other,,12/16/2020 9:23 PM,12/16/2020 9:23 PM,Adoption,Adoption Center,,
1,Shih Tzu,Mix,0,0,,Adult,Normal,2/3/2020 2:57 PM,Stray,Public Drop Off,,,2/4/2020 1:41 PM,2/4/2020 1:41 PM,Return to Owner/Guardian,Stray Reclaim,,
0,Domestic Shorthair,Mix,1,1,6.0,Young,Normal,2/3/2020 3:02 PM,Stray,Public Drop Off,,,2/10/2021 8:08 PM,2/10/2021 8:08 PM,Adoption,Adoption Center,,
0,Domestic Shorthair,Mix,0,1,6.0,Young,Normal,2/3/2020 3:02 PM,Stray,Public Drop Off,,,2/10/2021 8:08 PM,2/10/2021 8:08 PM,Adoption,Adoption Center,,
0,Domestic Shorthair,Mix,1,1,6.0,Young,Normal,2/3/2020 3:02 PM,Stray,Public Drop Off,,,5/27/2020 11:59 AM,5/27/2020 11:59 AM,Adoption,Adoption Center,,
0,Domestic Shorthair,Mix,1,1,5.0,Young,Normal,2/7/2020 7:28 PM,Owner/Guardian Surrender,For Adoption,Found/Can't Keep,,5/28/2020 5:21 PM,5/28/2020 5:21 PM,Adoption,Adoption Center,,
0,Domestic Longhair,Mix,1,1,180.0,Senior,Sick,2/7/2020 7:36 PM,Stray,ACO / Police Drop Off,,,2/25/2020 3:48 PM,,Euthanasia,Disease - Other Fatal,,
0,Domestic Shorthair,Mix,0,1,8.0,Young,Normal,2/7/2020 7:36 PM,Stray,ACO / Police Drop Off,,,2/29/2020 10:57 AM,2/29/2020 10:57 AM,Adoption,Adoption Center,,
1,"Retriever, Labrador",Mix,1,0,,Adult,Normal,2/8/2020 11:06 PM,Stray,ACO / Police Drop Off,,,2/10/2020 11:24 AM,2/10/2020 11:24 AM,Return to Owner/Guardian,Stray Reclaim,,
1,"Retriever, Labrador",Mix,0,1,,Adult,Normal,2/8/2020 11:06 PM,Stray,ACO / Police Drop Off,,,2/10/2020 11:24 AM,2/10/2020 11:24 AM,Return to Owner/Guardian,Stray Reclaim,,
0,Domestic Shorthair,Mix,0,1,9.0,Young,Normal,2/10/2020 1:36 PM,Stray,ACO / Police Drop Off,,,5/28/2020 5:21 PM,5/28/2020 5:21 PM,Adoption,Adoption Center,,
0,Siamese,Mix,1,1,7.0,Young,Sick,2/16/2020 1:41 PM,Owner/Guardian Surrender,For Adoption,Found/Can't Keep,,3/11/2020 2:10 PM,3/11/2020 2:10 PM,Transfer Out,For Adoption,For Adoption,Wisconsin Purebred Cat Rescue
1,American Blue Heeler,Shepherd,0,1,1.0,Young,Normal,2/10/2020 2:50 PM,Owner/Guardian Surrender,For Adoption,Time - Not Enough,,4/7/2020 11:48 AM,4/7/2020 11:48 AM,Adoption,Adoption Center,,
1,Great Pyrenees,Mix,0,1,60.0,Adult,Normal,2/20/2020 1:03 PM,Owner/Guardian Surrender,For Adoption,Moving,,2/22/2020 1:41 PM,2/22/2020 1:41 PM,Transfer Out,To Specific Rescue,For Adoption,Great Pyrenees Rescue of Wisconsin
0,Domestic Shorthair,Mix,2,0,,Adult,Injured,2/21/2020 3:43 PM,Stray,ACO / Police Drop Off,,,3/27/2020 12:10 PM,,Euthanasia,Disease - FeLV+,,
1,"Retriever, Golden",,1,0,21.0,Young,Normal,2/21/2020 7:28 PM,Stray,Public Drop Off,,,2/21/2020 7:37 PM,2/21/2020 7:37 PM,Return to Owner/Guardian,Stray Reclaim,,
0,Domestic Shorthair,Mix,0,1,71.0,Adult,Normal,2/22/2020 12:55 PM,Stray,Public Drop Off,,,6/30/2020 4:18 PM,6/30/2020 4:18 PM,Adoption,Adoption Center,,
0,Domestic Shorthair,Mix,1,1,11.0,Adult,Normal,2/25/2020 3:50 PM,Stray,ACO / Police Drop Off,,,2/2/2021 10:02 AM,2/2/2021 10:02 AM,Transfer Out,To Specific Rescue,For Adoption,Orphan Animal Rescue - OARS
1,Hound,Mix,0,1,95.0,Adult,Normal,2/25/2020 1:47 PM,Stray,ACO / Police Drop Off,,,2/28/2020 1:51 PM,2/28/2020 1:51 PM,Return to Owner/Guardian,Stray Reclaim,,
1,Hound,Mix,0,1,59.0,Adult,Normal,2/25/2020 1:47 PM,Stray,ACO / Police Drop Off,,,2/28/2020 1:51 PM,2/28/2020 1:51 PM,Return to Owner/Guardian,Stray Reclaim,,
1,"Mixed Breed, Medium (up to 44 lbs fully grown)",Mix,1,1,2.0,Baby,Normal,2/29/2020 11:31 AM,Owner/Guardian Surrender,For Adoption,Other,,3/13/2020 3:47 PM,3/13/2020 3:47 PM,Adoption,Adoption Center,,
1,"Mixed Breed, Medium (up to 44 lbs fully grown)",Mix,0,1,2.0,Baby,Normal,2/29/2020 11:31 AM,Owner/Guardian Surrender,For Adoption,Other,,3/13/2020 6:17 PM,3/13/2020 6:17 PM,Adoption,Adoption Center,,
1,American Blue Heeler,Mix,1,1,2.0,Baby,Normal,2/29/2020 11:31 AM,Owner/Guardian Surrender,For Adoption,Other,,3/14/2020 2:38 PM,3/14/2020 2:38 PM,Adoption,Adoption Center,,
1,American Blue Heeler,Mix,0,1,2.0,Baby,Normal,2/29/2020 11:31 AM,Owner/Guardian Surrender,For Adoption,Other,,3/13/2020 6:49 PM,3/13/2020 6:49 PM,Adoption,Adoption Center,,
1,American Blue Heeler,Mix,0,1,2.0,Baby,Normal,2/29/2020 11:31 AM,Owner/Guardian Surrender,For Adoption,Other,,3/21/2020 3:47 PM,3/21/2020 3:47 PM,Adoption,Adoption Center,,
1,American Blue Heeler,Mix,0,1,2.0,Baby,Normal,2/29/2020 11:31 AM,Owner/Guardian Surrender,For Adoption,Other,,3/18/2020 4:50 PM,3/18/2020 4:50 PM,Adoption,Adoption Center,,
1,American Blue Heeler,Mix,1,1,2.0,Baby,Normal,2/29/2020 11:31 AM,Owner/Guardian Surrender,For Adoption,Other,,3/20/2020 5:15 PM,3/20/2020 5:15 PM,Adoption,Adoption Center,,
0,Domestic Shorthair,Mix,0,1,36.0,Adult,Normal,3/4/2020 5:59 PM,Owner/Guardian Surrender,For Adoption,Too Many Pets,,7/17/2020 4:56 PM,7/17/2020 4:56 PM,Adoption,Adoption Center,,
0,Domestic Shorthair,Mix,0,1,5.0,Young,Normal,3/4/2020 5:59 PM,Owner/Guardian Surrender,For Adoption,Too Many Pets,,7/29/2020 12:19 PM,7/29/2020 12:19 PM,Adoption,Adoption Center,,
0,Domestic Shorthair,Mix,0,1,5.0,Young,Normal,3/4/2020 5:59 PM,Owner/Guardian Surrender,For Adoption,Too Many Pets,,6/3/2020 3:08 PM,6/3/2020 3:08 PM,Adoption,Adoption Center,,
0,Domestic Shorthair,Mix,0,1,5.0,Young,Normal,3/4/2020 5:59 PM,Owner/Guardian Surrender,For Adoption,Too Many Pets,,6/2/2020 12:37 PM,6/2/2020 12:37 PM,Adoption,Adoption Center,,
0,Domestic Shorthair,Mix,1,0,0.0,Baby,Unweaned,3/4/2020 5:59 PM,Owner/Guardian Surrender,For Adoption,Too Many Pets,,3/18/2020 1:26 PM,,Died,Unknown,,
0,Domestic Shorthair,Mix,1,1,0.0,Baby,Normal,3/4/2020 5:59 PM,Owner/Guardian Surrender,For Adoption,Too Many Pets,,6/9/2020 12:47 PM,6/9/2020 12:47 PM,Adoption,Adoption Center,,
0,Domestic Shorthair,Mix,1,1,0.0,Baby,Unweaned,3/4/2020 5:59 PM,Owner/Guardian Surrender,For Adoption,Too Many Pets,,9/27/2020 2:10 PM,9/27/2020 2:10 PM,Adoption,Adoption Center,,
0,Domestic Shorthair,Mix,0,1,0.0,Baby,Unweaned,3/4/2020 5:59 PM,Owner/Guardian Surrender,For Adoption,Too Many Pets,,6/9/2020 12:24 PM,6/9/2020 12:24 PM,Adoption,Adoption Center,,
0,Domestic Shorthair,Mix,0,1,0.0,Baby,Unweaned,3/4/2020 5:59 PM,Owner/Guardian Surrender,For Adoption,Too Many Pets,,6/10/2020 2:28 PM,6/10/2020 2:28 PM,Adoption,Adoption Center,,
0,Domestic Longhair,Mix,0,1,0.0,Baby,Unweaned,3/4/2020 5:59 PM,Owner/Guardian Surrender,For Adoption,Too Many Pets,,6/15/2020 1:29 PM,6/15/2020 1:29 PM,Adoption,Adoption Center,,
0,Domestic Shorthair,Mix,1,1,0.0,Baby,Unweaned,3/4/2020 5:59 PM,Owner/Guardian Surrender,For Adoption,Too Many Pets,,8/27/2020 5:53 PM,8/27/2020 5:53 PM,Adoption,Adoption Center,,
0,Domestic Shorthair,Mix,0,1,23.0,Adult,Normal,3/5/2020 10:44 AM,Stray,ACO / Police Drop Off,,,3/2/2021 11:44 AM,3/2/2021 11:44 AM,Transfer Out,For Adoption,For Adoption,Orphan Animal Rescue - OARS
0,Domestic Shorthair,Mix,1,1,6.0,Young,Normal,3/5/2020 1:16 PM,Owner/Guardian Surrender,For Adoption,Health Issues/Human,,4/3/2020 7:06 PM,4/3/2020 7:06 PM,Adoption,Adoption Center,,
0,Domestic Shorthair,Mix,1,1,6.0,Young,Normal,3/5/2020 1:16 PM,Owner/Guardian Surrender,For Adoption,Health Issues/Human,,3/14/2020 3:00 PM,3/14/2020 3:00 PM,Adoption,Adoption Center,,
1,Shepherd,Australian Shepherd,1,1,2.0,Baby,Normal,3/6/2020 3:21 PM,Owner/Guardian Surrender,For Adoption,Other,,3/12/2020 2:36 PM,3/12/2020 2:36 PM,Transfer Out,To Specific Rescue,For Adoption,White Paws German Shepherd Rescue
1,Shepherd,Australian Shepherd,1,1,2.0,Baby,Normal,3/6/2020 3:21 PM,Owner/Guardian Surrender,For Adoption,Other,,3/12/2020 2:36 PM,3/12/2020 2:36 PM,Transfer Out,To Specific Rescue,For Adoption,White Paws German Shepherd Rescue
1,Shepherd,Australian Shepherd,1,1,2.0,Baby,Normal,3/6/2020 3:21 PM,Owner/Guardian Surrender,For Adoption,Other,,3/12/2020 2:36 PM,3/12/2020 2:36 PM,Transfer Out,To Specific Rescue,For Adoption,White Paws German Shepherd Rescue
1,Shepherd,Australian Shepherd,1,1,2.0,Baby,Normal,3/6/2020 3:21 PM,Owner/Guardian Surrender,For Adoption,Other,,3/12/2020 2:36 PM,3/12/2020 2:36 PM,Transfer Out,To Specific Rescue,For Adoption,White Paws German Shepherd Rescue
1,Shepherd,Australian Shepherd,0,1,2.0,Baby,Normal,3/6/2020 3:21 PM,Owner/Guardian Surrender,For Adoption,Other,,3/27/2020 12:05 PM,3/27/2020 12:05 PM,Transfer Out,To Specific Rescue,For Adoption,White Paws German Shepherd Rescue
1,Shepherd,Australian Shepherd,0,1,2.0,Baby,Normal,3/6/2020 3:21 PM,Owner/Guardian Surrender,For Adoption,Other,,4/7/2020 11:09 AM,4/7/2020 11:09 AM,Adoption,Adoption Center,,
0,Domestic Shorthair,Mix,0,1,60.0,Adult,Normal,3/11/2020 3:35 PM,Owner/Guardian Surrender,For Adoption,Moving,,11/16/2020 8:51 PM,11/16/2020 8:51 PM,Adoption,Adoption Center,,
0,Domestic Shorthair,Mix,0,1,72.0,Adult,Normal,3/11/2020 3:35 PM,Owner/Guardian Surrender,For Adoption,Moving,,1/2/2021 2:54 PM,1/2/2021 2:54 PM,Adoption,Adoption Center,,
1,Retriever,Mix,0,1,,Adult,Normal,3/13/2020 3:29 PM,Stray,ACO / Police Drop Off,,,3/14/2020 3:39 PM,3/14/2020 3:39 PM,Return to Owner/Guardian,Stray Reclaim,,
1,Border Collie,Mix,1,0,1.0,Baby,Normal,3/17/2020 9:15 AM,Owner/Guardian Surrender,For Adoption,Other,,3/18/2020 5:11 PM,3/18/2020 5:11 PM,Transfer Out,For Adoption,For Adoption,Bichon and Little Buddies Rescue
1,Border Collie,Mix,1,0,1.0,Baby,Normal,3/17/2020 9:15 AM,Owner/Guardian Surrender,For Adoption,Other,,3/18/2020 5:11 PM,3/18/2020 5:11 PM,Transfer Out,For Adoption,For Adoption,Bichon and Little Buddies Rescue
1,Border Collie,Mix,1,0,1.0,Baby,Normal,3/17/2020 9:15 AM,Owner/Guardian Surrender,For Adoption,Other,,3/18/2020 5:11 PM,3/18/2020 5:11 PM,Transfer Out,For Adoption,For Adoption,Bichon and Little Buddies Rescue
1,Border Collie,Mix,1,0,1.0,Baby,Normal,3/17/2020 9:15 AM,Owner/Guardian Surrender,For Adoption,Other,,3/18/2020 5:11 PM,3/18/2020 5:11 PM,Transfer Out,For Adoption,For Adoption,Bichon and Little Buddies Rescue
1,Border Collie,Mix,0,0,1.0,Baby,Normal,3/17/2020 9:15 AM,Owner/Guardian Surrender,For Adoption,Other,,3/18/2020 5:11 PM,3/18/2020 5:11 PM,Transfer Out,For Adoption,For Adoption,Bichon and Little Buddies Rescue
1,Shepherd,Australian Shepherd,0,1,0.0,Baby,Normal,3/17/2020 10:16 AM,Owner/Guardian Surrender,For Adoption,Other,,5/19/2020 11:15 AM,5/19/2020 11:15 AM,Adoption,Adoption Center,,
1,Shepherd,Australian Shepherd,1,1,0.0,Baby,Normal,3/17/2020 10:16 AM,Owner/Guardian Surrender,For Adoption,Other,,6/3/2020 2:24 PM,6/3/2020 2:24 PM,Adoption,Adoption Center,,
1,Shepherd,Australian Shepherd,1,1,0.0,Baby,Normal,3/17/2020 10:16 AM,Owner/Guardian Surrender,For Adoption,Other,,5/23/2020 2:42 PM,5/23/2020 2:42 PM,Adoption,Adoption Center,,
1,Shepherd,Australian Shepherd,1,1,0.0,Baby,Normal,3/17/2020 10:16 AM,Owner/Guardian Surrender,For Adoption,Other,,6/16/2020 4:17 PM,6/16/2020 4:17 PM,Adoption,Adoption Center,,
1,Shepherd,Australian Shepherd,1,1,7.0,Baby,Normal,9/23/2020 8:42 AM,Return,Beyond Exchange Period,Behavior Problem,,11/3/2020 6:50 PM,11/3/2020 6:50 PM,Adoption,Adoption Center,,
1,Shepherd,Australian Shepherd,1,1,0.0,Baby,Normal,3/17/2020 10:16 AM,Owner/Guardian Surrender,For Adoption,Other,,4/20/2020 12:48 PM,4/20/2020 12:48 PM,Adoption,Adoption Center,,
1,Shepherd,Australian Shepherd,1,1,0.0,Baby,Normal,3/17/2020 10:16 AM,Owner/Guardian Surrender,For Adoption,Other,,4/20/2020 1:34 PM,4/20/2020 1:34 PM,Adoption,Adoption Center,,
1,Shepherd,Australian Shepherd,1,1,0.0,Baby,Normal,3/17/2020 10:16 AM,Owner/Guardian Surrender,For Adoption,Other,,4/30/2020 7:56 PM,4/30/2020 7:56 PM,Adoption,Adoption Center,,
1,Pug,,1,1,23.0,Young,Normal,3/21/2020 6:44 PM,Owner/Guardian Surrender,For Adoption,Other,,4/22/2020 7:26 PM,4/22/2020 7:26 PM,Adoption,Adoption Center,,
1,Australian Shepherd,Mix,1,1,35.0,Adult,Normal,3/21/2020 6:44 PM,Owner/Guardian Surrender,For Adoption,Other,,4/17/2020 11:21 AM,4/17/2020 11:21 AM,Adoption,Adoption Center,,
0,Domestic Shorthair,Mix,0,0,12.0,Adult,Normal,9/28/2020 12:43 PM,Clinic,Vaccinations,,,9/28/2020 1:19 PM,9/28/2020 1:19 PM,Clinic Out,Vaccinations,,
0,Domestic Shorthair,Mix,0,0,12.0,Adult,Normal,9/28/2020 12:43 PM,Clinic,Vaccinations,,,9/28/2020 1:19 PM,9/28/2020 1:19 PM,Clinic Out,Vaccinations,,
0,Domestic Longhair,Mix,1,0,12.0,Adult,Normal,9/28/2020 12:43 PM,Clinic,Vaccinations,,,9/28/2020 1:19 PM,9/28/2020 1:19 PM,Clinic Out,Vaccinations,,
0,Domestic Shorthair,Mix,1,0,12.0,Adult,Normal,9/28/2020 12:43 PM,Clinic,Vaccinations,,,9/28/2020 1:19 PM,9/28/2020 1:19 PM,Clinic Out,Vaccinations,,
0,Domestic Shorthair,Mix,0,0,12.0,Adult,Normal,9/28/2020 12:43 PM,Clinic,Vaccinations,,,9/28/2020 1:19 PM,9/28/2020 1:19 PM,Clinic Out,Vaccinations,,
0,Domestic Shorthair,Mix,0,1,36.0,Adult,Normal,9/28/2020 12:43 PM,Clinic,Vaccinations,,,9/28/2020 1:19 PM,9/28/2020 1:19 PM,Clinic Out,Vaccinations,,
1,Pekingese,,1,1,108.0,Adult,Normal,9/28/2020 1:26 PM,Clinic,Vaccinations,,,9/28/2020 1:27 PM,9/28/2020 1:27 PM,Clinic Out,Vaccinations,,
0,Domestic Shorthair,Mix,0,1,2.0,Baby,Normal,9/28/2020 1:33 PM,Clinic,Microchip,,,9/28/2020 1:39 PM,9/28/2020 1:39 PM,Clinic Out,Microchip,,
0,Siamese,Mix,1,1,3.0,Baby,Normal,9/28/2020 1:33 PM,Clinic,Microchip,,,9/28/2020 1:39 PM,9/28/2020 1:39 PM,Clinic Out,Microchip,,
0,Domestic Shorthair,Mix,1,1,3.0,Baby,Normal,9/28/2020 1:49 PM,Clinic,Vaccinations,,,9/28/2020 1:55 PM,9/28/2020 1:55 PM,Clinic Out,Microchip,,
0,Domestic Shorthair,Mix,1,1,4.0,Baby,Normal,10/23/2020 1:33 PM,Clinic,Neuter,,,10/23/2020 1:35 PM,10/23/2020 1:35 PM,Clinic Out,Other,,
0,Domestic Shorthair,Mix,0,0,6.0,Baby,Normal,9/28/2020 2:15 PM,Clinic,Vaccinations,,,9/29/2020 2:33 PM,9/29/2020 2:33 PM,Clinic Out,Microchip,,
0,Domestic Shorthair,Mix,0,0,4.0,Baby,Normal,9/28/2020 2:15 PM,Clinic,Vaccinations,,,9/29/2020 2:33 PM,9/29/2020 2:33 PM,Clinic Out,Microchip,,
0,Domestic Shorthair,Mix,0,0,4.0,Baby,Normal,9/28/2020 2:15 PM,Clinic,Vaccinations,,,9/29/2020 2:33 PM,9/29/2020 2:33 PM,Clinic Out,Microchip,,
1,Pomeranian,,1,1,120.0,Senior,Normal,9/28/2020 2:42 PM,Clinic,Vaccinations,,,9/28/2020 3:03 PM,9/28/2020 3:03 PM,Clinic Out,Microchip,,
1,Havanese,,0,1,120.0,Senior,Normal,9/28/2020 2:42 PM,Clinic,Vaccinations,,,9/28/2020 3:03 PM,9/28/2020 3:03 PM,Clinic Out,Microchip,,
1,Havanese,,0,1,120.0,Senior,Normal,9/28/2020 2:42 PM,Clinic,Vaccinations,,,9/28/2020 3:03 PM,9/28/2020 3:03 PM,Clinic Out,Microchip,,
0,Domestic Longhair,Mix,0,0,12.0,Young,Normal,9/28/2020 3:12 PM,Clinic,Microchip,,,9/28/2020 3:18 PM,9/28/2020 3:18 PM,Clinic Out,Microchip,,
1,Boxer,Mix,0,1,24.0,Young,Normal,9/28/2020 3:22 PM,Clinic,Microchip,,,9/28/2020 3:28 PM,9/28/2020 3:28 PM,Clinic Out,Microchip,,
1,Boxer,Mix,0,1,25.0,Young,Normal,11/13/2020 8:27 AM,Clinic,Spay,,,11/13/2020 8:29 AM,11/13/2020 8:29 AM,Clinic Out,Suture Removal,,
0,Domestic Shorthair,Mix,0,0,3.0,Baby,Normal,9/28/2020 3:32 PM,Clinic,Vaccinations,,,9/28/2020 3:38 PM,9/28/2020 3:38 PM,Clinic Out,Vaccinations,,
1,"Retriever, Labrador","Retriever, Golden",0,0,7.0,Baby,Normal,9/28/2020 3:45 PM,Clinic,Vaccinations,,,9/28/2020 3:51 PM,9/28/2020 3:51 PM,Clinic Out,Microchip,,
1,American Blue Heeler,Shepherd,1,0,6.0,Baby,Normal,9/28/2020 3:55 PM,Clinic,Vaccinations,,,9/28/2020 4:02 PM,9/28/2020 4:02 PM,Clinic Out,Microchip,,
0,Domestic Shorthair,Mix,1,1,5.0,Baby,Normal,9/28/2020 4:07 PM,Clinic,Microchip,,,9/28/2020 4:23 PM,9/28/2020 4:23 PM,Clinic Out,Microchip,,
0,Domestic Shorthair,Mix,1,1,5.0,Baby,Normal,9/28/2020 4:07 PM,Clinic,Microchip,,,9/28/2020 4:23 PM,9/28/2020 4:23 PM,Clinic Out,Microchip,,
0,Domestic Shorthair,Mix,0,1,72.0,Adult,Normal,9/29/2020 11:05 AM,Clinic,Vaccinations,,,9/29/2020 11:08 AM,9/29/2020 11:08 AM,Clinic Out,Microchip,,
1,"Poodle, Standard",,0,0,24.0,Adult,Normal,9/29/2020 11:11 AM,Clinic,Vaccinations,,,9/29/2020 11:20 AM,9/29/2020 11:20 AM,Clinic Out,Vaccinations,,
1,Bichon Frise,,1,1,84.0,Adult,Normal,9/29/2020 11:17 AM,Clinic,Vaccinations,,,9/29/2020 11:20 AM,9/29/2020 11:20 AM,Clinic Out,Vaccinations,,
1,"Terrier, Yorkshire","Poodle, Miniature",0,0,12.0,Adult,Normal,9/29/2020 11:42 AM,Clinic,Microchip,,,9/29/2020 11:43 AM,9/29/2020 11:43 AM,Clinic Out,Microchip,,
1,Hound,"Terrier, American Staffordshire",0,1,96.0,Adult,Normal,9/29/2020 11:42 AM,Clinic,Microchip,,,9/29/2020 11:43 AM,9/29/2020 11:43 AM,Clinic Out,Microchip,,
1,"Mixed Breed, Medium (up to 44 lbs fully grown)",Mix,0,1,6.0,Baby,Normal,9/29/2020 11:50 AM,Clinic,Vaccinations,,,9/29/2020 11:55 AM,9/29/2020 11:55 AM,Clinic Out,Vaccinations,,
0,Domestic Shorthair,Mix,0,1,23.0,Adult,Normal,9/26/2020 12:18 PM,Clinic,Vaccinations,,,9/29/2020 12:39 PM,9/29/2020 12:39 PM,Clinic Out,Vaccinations,,
0,Domestic Shorthair,Mix,0,1,23.0,Adult,Normal,9/26/2020 12:18 PM,Clinic,Vaccinations,,,9/29/2020 12:39 PM,9/29/2020 12:39 PM,Clinic Out,Vaccinations,,
0,Domestic Shorthair,Mix,0,1,36.0,Adult,Normal,9/29/2020 12:47 PM,Clinic,Microchip,,,9/29/2020 1:00 PM,9/29/2020 1:00 PM,Clinic Out,Microchip,,
0,Domestic Shorthair,Mix,1,1,84.0,Adult,Normal,9/29/2020 12:47 PM,Clinic,Microchip,,,9/29/2020 1:00 PM,9/29/2020 1:00 PM,Clinic Out,Microchip,,
1,"Retriever, Labrador",Chow Chow,0,1,77.0,Adult,Normal,9/29/2020 1:09 PM,Clinic,Vaccinations,,,9/29/2020 1:27 PM,9/29/2020 1:27 PM,Clinic Out,Vaccinations,,
1,Siberian Husky,,0,1,29.0,Young,Normal,9/29/2020 1:09 PM,Clinic,Vaccinations,,,9/29/2020 1:27 PM,9/29/2020 1:27 PM,Clinic Out,Vaccinations,,
1,Beagle,,0,0,6.0,Baby,Normal,9/29/2020 1:33 PM,Clinic,Vaccinations,,,9/29/2020 1:48 PM,9/29/2020 1:48 PM,Clinic Out,Microchip,,
1,Beagle,,0,1,17.0,Young,Normal,9/29/2020 1:33 PM,Clinic,Vaccinations,,,9/29/2020 1:48 PM,9/29/2020 1:48 PM,Clinic Out,Microchip,,
1,Beagle,,0,1,17.0,Young,Normal,9/29/2020 1:55 PM,Clinic,Microchip,,,9/29/2020 2:11 PM,9/29/2020 2:11 PM,Clinic Out,Microchip,,
1,Border Collie,,0,1,96.0,Adult,Normal,9/29/2020 1:55 PM,Clinic,Microchip,,,9/29/2020 2:11 PM,9/29/2020 2:11 PM,Clinic Out,Microchip,,
1,Saint Bernard,,0,0,11.0,Baby,Normal,9/29/2020 2:21 PM,Clinic,Microchip,,,9/29/2020 2:29 PM,9/29/2020 2:29 PM,Clinic Out,Microchip,,
1,German Shepherd,,0,1,120.0,Senior,Normal,9/29/2020 2:39 PM,Owner/Guardian Surrender,For Adoption,Time - Not Enough,,3/6/2021 2:02 PM,3/6/2021 2:02 PM,Adoption,Adoption Center,,
1,German Shepherd,,0,1,120.0,Senior,Normal,9/29/2020 2:39 PM,Owner/Guardian Surrender,For Adoption,Time - Not Enough,,3/6/2021 2:02 PM,3/6/2021 2:02 PM,Adoption,Adoption Center,,
0,Domestic Shorthair,Mix,2,0,2.0,Young,Normal,9/29/2020 10:18 AM,Stray,Abandoned,,,10/6/2020 3:18 PM,,Died,Ill,,
0,Domestic Shorthair,Mix,0,1,136.0,Senior,Normal,10/1/2020 12:31 PM,Owner/Guardian Surrender,For Adoption,Allergies,,1/2/2021 2:44 PM,1/2/2021 2:44 PM,Adoption,Adoption Center,,
1,"Retriever, Labrador",Mix,1,1,17.0,Young,Normal,10/3/2020 2:26 PM,Stray,ACO / Police Drop Off,,,10/10/2020 1:50 PM,10/10/2020 1:50 PM,Return to Owner/Guardian,Stray Reclaim,,
1,"Retriever, Labrador",Mix,1,1,19.0,Young,Normal,11/20/2020 7:27 AM,Owner/Guardian Surrender,For Adoption,Time - Not Enough,,12/18/2020 4:44 PM,12/18/2020 4:44 PM,Adoption,Adoption Center,,
2,Abyssinian (long whirls),,0,0,32.0,Adult,Normal,10/8/2020 3:05 PM,Owner/Guardian Surrender,For Adoption,Moving,,11/2/2020 11:02 AM,11/2/2020 11:02 AM,Adoption,Adoption Center,,
2,Abyssinian (long whirls),,0,0,32.0,Adult,Normal,10/8/2020 3:05 PM,Owner/Guardian Surrender,For Adoption,Moving,,11/2/2020 11:02 AM,11/2/2020 11:02 AM,Adoption,Adoption Center,,
1,American Blue Heeler,English Shepherd,0,1,1.0,Baby,Normal,10/11/2020 1:28 PM,Owner/Guardian Surrender,For Adoption,Other,,12/9/2020 7:18 PM,12/9/2020 7:18 PM,Adoption,Adoption Center,,
1,American Blue Heeler,English Shepherd,0,1,1.0,Baby,Normal,10/11/2020 1:28 PM,Owner/Guardian Surrender,For Adoption,Other,,11/27/2020 8:11 PM,11/27/2020 8:11 PM,Adoption,Adoption Center,,
1,American Blue Heeler,English Shepherd,0,1,1.0,Baby,Normal,10/11/2020 1:28 PM,Owner/Guardian Surrender,For Adoption,Other,,12/18/2020 10:38 PM,12/18/2020 10:38 PM,Adoption,Adoption Center,,
1,American Blue Heeler,English Shepherd,1,1,1.0,Baby,Normal,10/11/2020 1:28 PM,Owner/Guardian Surrender,For Adoption,Other,,11/27/2020 8:57 PM,11/27/2020 8:57 PM,Adoption,Adoption Center,,
0,Domestic Shorthair,Mix,0,1,95.0,Adult,Sick,10/13/2020 9:01 AM,Owner/Guardian Surrender,For Adoption,Found/Can't Keep,,10/23/2020 3:38 PM,10/23/2020 3:38 PM,Transfer Out,To Specific Rescue,For Adoption,Oshkosh Area Humane Society
1,American Blue Heeler,Mix,1,1,9.0,Young,Normal,10/17/2020 4:04 PM,Owner/Guardian Surrender,For Adoption,Other,,12/4/2020 6:51 PM,12/4/2020 6:51 PM,Adoption,Adoption Center,,
1,Australian Shepherd,Terrier,0,1,0.0,Baby,Normal,10/17/2020 4:08 PM,Owner/Guardian Surrender,For Adoption,Other,,1/18/2021 9:45 AM,1/18/2021 9:45 AM,Adoption,Adoption Center,,
1,Australian Shepherd,Terrier,0,1,0.0,Baby,Normal,10/17/2020 4:08 PM,Owner/Guardian Surrender,For Adoption,Other,,12/14/2020 8:59 PM,12/14/2020 8:59 PM,Adoption,Adoption Center,,
1,Australian Shepherd,Terrier,1,1,0.0,Baby,Normal,10/17/2020 4:08 PM,Owner/Guardian Surrender,For Adoption,Other,,12/14/2020 9:09 PM,12/14/2020 9:09 PM,Adoption,Adoption Center,,
1,Australian Shepherd,Terrier,1,1,0.0,Baby,Normal,10/17/2020 4:08 PM,Owner/Guardian Surrender,For Adoption,Other,,1/28/2021 4:10 PM,1/28/2021 4:10 PM,Adoption,Adoption Center,,
0,Domestic Shorthair,Mix,1,1,2.0,Young,Normal,10/19/2020 8:25 AM,Stray,ACO / Police Drop Off,,,1/17/2021 6:43 PM,1/17/2021 6:43 PM,Adoption,Adoption Center,,
0,Domestic Shorthair,Mix,0,1,2.0,Young,Normal,10/19/2020 8:25 AM,Stray,ACO / Police Drop Off,,,1/6/2021 5:14 PM,1/6/2021 5:14 PM,Adoption,Adoption Center,,
0,Domestic Shorthair,Mix,1,1,2.0,Young,Normal,10/19/2020 8:25 AM,Stray,ACO / Police Drop Off,,,2/23/2021 9:29 PM,2/23/2021 9:29 PM,Adoption,Adoption Center,,
0,Domestic Shorthair,Mix,0,1,2.0,Young,Normal,10/19/2020 8:25 AM,Stray,ACO / Police Drop Off,,,1/17/2021 6:43 PM,1/17/2021 6:43 PM,Adoption,Adoption Center,,
1,"Chihuahua, Long Coat",Mix,1,1,23.0,Adult,Normal,10/19/2020 8:39 AM,Owner/Guardian Surrender,For Adoption,Health Issues/Human,,11/16/2020 7:43 PM,11/16/2020 7:43 PM,Adoption,Adoption Center,,
1,"Retriever, Labrador",Mix,0,1,30.0,Adult,Normal,10/23/2020 10:12 AM,Clinic,Spay,,,10/23/2020 10:21 AM,10/23/2020 10:21 AM,Clinic Out,Microchip,,
1,"Retriever, Labrador",Mix,0,1,30.0,Adult,Normal,10/23/2020 10:41 AM,Clinic,Microchip,,,10/23/2020 10:43 AM,10/23/2020 10:43 AM,Clinic Out,Microchip,,
1,"Retriever, Labrador",Mix,0,1,5.0,Young,Normal,10/23/2020 10:23 AM,Clinic,Spay,,,10/23/2020 10:48 AM,10/23/2020 10:48 AM,Clinic Out,Microchip,,
0,Domestic Shorthair,Mix,1,1,24.0,Adult,Normal,10/23/2020 10:54 AM,Clinic,Neuter,,,10/23/2020 10:57 AM,10/23/2020 10:57 AM,Clinic Out,Vaccinations,,
0,Domestic Shorthair,Mix,0,1,,Young,Normal,10/23/2020 12:25 PM,Clinic,Spay,,,10/23/2020 12:27 PM,10/23/2020 12:27 PM,Clinic Out,Other,,
0,Domestic Shorthair,Mix,1,1,,Young,Normal,10/23/2020 12:29 PM,Clinic,Neuter,,,10/23/2020 12:30 PM,10/23/2020 12:30 PM,Clinic Out,Other,,
1,"Collie, Rough",Mix,1,1,10.0,Adult,Normal,3/21/2020 6:44 PM,Owner/Guardian Surrender,For Adoption,Other,,5/15/2020 12:14 PM,5/15/2020 12:14 PM,Adoption,Adoption Center,,
1,"Collie, Rough",Mix,0,0,10.0,Young,Normal,3/21/2020 6:44 PM,Owner/Guardian Surrender,For Adoption,Other,,4/2/2020 10:55 AM,4/2/2020 10:55 AM,Transfer Out,To Specific Rescue,For Adoption,Minnesota Wisconsin Collie Rescue
1,American Blue Heeler,Mix,1,1,1.0,Baby,Normal,3/21/2020 6:44 PM,Owner/Guardian Surrender,For Adoption,Other,,4/20/2020 1:16 PM,4/20/2020 1:16 PM,Adoption,Adoption Center,,
1,American Blue Heeler,Mix,0,1,1.0,Baby,Normal,3/21/2020 6:44 PM,Owner/Guardian Surrender,For Adoption,Other,,4/29/2020 6:07 PM,4/29/2020 6:07 PM,Adoption,Adoption Center,,
1,American Blue Heeler,Mix,0,1,1.0,Baby,Normal,3/21/2020 6:44 PM,Owner/Guardian Surrender,For Adoption,Other,,4/18/2020 4:06 PM,4/18/2020 4:06 PM,Adoption,Adoption Center,,
1,American Blue Heeler,Mix,0,1,1.0,Baby,Normal,3/21/2020 6:44 PM,Owner/Guardian Surrender,For Adoption,Other,,4/22/2020 12:25 PM,4/22/2020 12:25 PM,Adoption,Adoption Center,,
0,Domestic Shorthair,Mix,1,1,3.0,Young,Normal,3/21/2020 6:57 PM,Owner/Guardian Surrender,For Adoption,Other,,4/16/2020 9:31 PM,4/16/2020 9:31 PM,Adoption,Other Offsite,,
0,Domestic Shorthair,Mix,1,1,3.0,Young,Normal,3/21/2020 6:57 PM,Owner/Guardian Surrender,For Adoption,Other,,4/16/2020 9:31 PM,4/16/2020 9:31 PM,Adoption,Other Offsite,,
0,Domestic Shorthair,Mix,0,1,10.0,Young,Injured,3/30/2020 2:05 PM,Stray,Public Drop Off,,,5/19/2020 11:57 AM,5/19/2020 11:57 AM,Adoption,Adoption Center,,
0,Domestic Medium Hair,Mix,1,1,7.0,Young,Normal,4/2/2020 5:16 PM,Clinic,Neuter,,,4/3/2020 8:13 PM,4/3/2020 8:13 PM,Clinic Out,Microchip,,
0,Domestic Shorthair,Mix,1,1,7.0,Young,Normal,4/2/2020 5:16 PM,Clinic,Neuter,,,4/3/2020 8:13 PM,4/3/2020 8:13 PM,Clinic Out,Microchip,,
1,"Terrier, Rat",Australian Shepherd,1,0,1.0,Baby,Normal,4/8/2020 1:08 PM,Owner/Guardian Surrender,For Adoption,Other,,4/20/2020 12:02 PM,4/20/2020 12:02 PM,Transfer Out,For Adoption,For Adoption,Green Bay Animal Rescue
1,"Terrier, Rat",Australian Shepherd,1,0,1.0,Baby,Normal,4/8/2020 1:08 PM,Owner/Guardian Surrender,For Adoption,Other,,4/20/2020 12:02 PM,4/20/2020 12:02 PM,Transfer Out,For Adoption,For Adoption,Green Bay Animal Rescue
1,"Terrier, Rat",Australian Shepherd,1,1,1.0,Baby,Normal,4/8/2020 1:08 PM,Owner/Guardian Surrender,For Adoption,Other,,5/19/2020 12:35 PM,5/19/2020 12:35 PM,Adoption,Adoption Center,,
1,"Terrier, Rat",Australian Shepherd,0,1,1.0,Baby,Normal,4/8/2020 1:08 PM,Owner/Guardian Surrender,For Adoption,Other,,5/6/2020 5:54 PM,5/6/2020 5:54 PM,Adoption,Adoption Center,,
1,American Eskimo,Terrier,0,1,2.0,Baby,Normal,4/8/2020 12:38 PM,Owner/Guardian Surrender,For Adoption,Other,,5/16/2020 2:28 PM,5/16/2020 2:28 PM,Adoption,Adoption Center,,
1,American Eskimo,Terrier,0,1,2.0,Baby,Normal,4/8/2020 12:38 PM,Owner/Guardian Surrender,For Adoption,Other,,5/19/2020 11:30 AM,5/19/2020 11:30 AM,Adoption,Adoption Center,,
1,American Eskimo,Terrier,0,1,2.0,Baby,Normal,4/8/2020 12:38 PM,Owner/Guardian Surrender,For Adoption,Other,,5/14/2020 4:43 PM,5/14/2020 4:43 PM,Adoption,Adoption Center,,
1,American Eskimo,Terrier,1,1,2.0,Baby,Normal,4/8/2020 12:38 PM,Owner/Guardian Surrender,For Adoption,Other,,5/16/2020 1:39 PM,5/16/2020 1:39 PM,Adoption,Adoption Center,,
1,American Eskimo,Terrier,1,1,2.0,Baby,Normal,4/8/2020 12:38 PM,Owner/Guardian Surrender,For Adoption,Other,,10/20/2020 8:39 PM,10/20/2020 8:39 PM,Adoption,Adoption Center,,
1,"Bulldog, English",,0,1,123.0,Senior,Normal,4/15/2020 6:18 PM,Owner/Guardian Surrender,For Adoption,Health Issues/Human,,4/3/2021 12:34 PM,4/3/2021 12:34 PM,Transfer Out,To Specific Rescue,For Adoption,Shelter From the Storm
0,Snowshoe,Mix,0,1,108.0,Senior,Sick,4/18/2020 5:34 PM,Owner/Guardian Surrender,For Adoption,Litterbox Issues,,4/26/2021 1:24 PM,4/26/2021 1:24 PM,Adoption,Adoption Center,,
0,Domestic Medium Hair,Mix,1,1,24.0,Adult,Normal,4/23/2020 3:28 PM,Owner/Guardian Surrender,For Adoption,Landlord Objection,,4/24/2020 11:25 AM,4/24/2020 11:25 AM,Adoption,Adoption Center,,
0,Domestic Shorthair,Mix,0,1,9.0,Young,Injured,4/23/2020 1:35 PM,Stray,Public Drop Off,,,11/6/2020 12:29 PM,11/6/2020 12:29 PM,Adoption,Adoption Center,,
1,"Terrier, Yorkshire","Poodle, Miniature",1,1,48.0,Adult,Normal,4/26/2020 2:35 PM,Owner/Guardian Surrender,For Adoption,Health Issues/Human,,6/15/2020 1:06 PM,6/15/2020 1:06 PM,Adoption,Adoption Center,,
1,"Terrier, Yorkshire","Poodle, Miniature",0,1,48.0,Adult,Normal,4/26/2020 2:35 PM,Owner/Guardian Surrender,For Adoption,Health Issues/Human,,6/15/2020 1:06 PM,6/15/2020 1:06 PM,Adoption,Adoption Center,,
0,Domestic Shorthair,Mix,1,1,18.0,Adult,Normal,4/27/2020 11:59 AM,Owner/Guardian Surrender,For Adoption,Death of Owner,,1/31/2021 11:31 AM,1/31/2021 11:31 AM,Adoption,Adoption Center,,
0,Domestic Shorthair,Mix,1,1,1.0,Baby,Normal,4/28/2020 4:09 PM,Owner/Guardian Surrender,For Adoption,Other,,9/15/2020 3:35 PM,9/15/2020 3:35 PM,Adoption,Adoption Center,,
1,Border Collie,Mix,1,1,2.0,Baby,Normal,4/28/2020 4:09 PM,Owner/Guardian Surrender,For Adoption,Other,,5/19/2020 10:54 AM,5/19/2020 10:54 AM,Adoption,Adoption Center,,
1,Border Collie,Mix,1,1,2.0,Baby,Normal,4/28/2020 4:09 PM,Owner/Guardian Surrender,For Adoption,Other,,5/19/2020 11:04 AM,5/19/2020 11:04 AM,Adoption,Adoption Center,,
1,Border Collie,Mix,1,1,8.0,Baby,Normal,10/28/2020 8:41 AM,Return,Beyond Exchange Period,Time - Not Enough,,11/14/2020 2:31 PM,11/14/2020 2:31 PM,Adoption,Adoption Center,,
1,Border Collie,Mix,1,1,2.0,Baby,Normal,4/28/2020 4:09 PM,Owner/Guardian Surrender,For Adoption,Other,,5/19/2020 12:54 PM,5/19/2020 12:54 PM,Adoption,Adoption Center,,
1,Border Collie,Beagle,0,1,2.0,Baby,Normal,4/29/2020 4:45 PM,Owner/Guardian Surrender,For Adoption,Other,,5/14/2020 3:55 PM,5/14/2020 3:55 PM,Adoption,Adoption Center,,
1,Border Collie,Beagle,1,1,2.0,Baby,Normal,4/29/2020 4:45 PM,Owner/Guardian Surrender,For Adoption,Other,,6/2/2020 12:09 PM,6/2/2020 12:09 PM,Adoption,Adoption Center,,
0,Domestic Shorthair,Mix,1,1,,Adult,Normal,4/29/2020 5:39 PM,Stray,Public Drop Off,,,5/1/2020 12:15 PM,5/1/2020 12:15 PM,Return to Owner/Guardian,Stray Reclaim,,
1,Irish Wolfhound,"Poodle, Standard",1,1,84.0,Adult,Sick,4/30/2020 7:38 PM,Owner/Guardian Surrender,For Evaluation,Health Issues of Dog,,5/13/2020 9:34 AM,,Euthanasia,Owner Request,,
1,"Dachshund, Standard Smooth Haired","Terrier, Rat",0,1,2.0,Young,Normal,5/4/2020 9:26 AM,Owner/Guardian Surrender,For Adoption,Other,,7/10/2020 10:24 AM,7/10/2020 10:24 AM,Adoption,Adoption Center,,
0,Domestic Shorthair,Mix,1,0,,Young,Injured,5/6/2020 3:35 PM,Stray,Public Drop Off,,,5/7/2020 2:44 PM,,Euthanasia,Injury,,
0,Domestic Longhair,Mix,0,0,11.0,Adult,Pregnant,5/12/2020 11:12 AM,Stray,ACO / Police Drop Off,,,5/14/2020 1:40 PM,5/14/2020 1:40 PM,Return to Owner/Guardian,Stray Reclaim,,
0,Domestic Shorthair,Mix,1,0,,Senior,Sick,5/11/2020 11:26 AM,Stray,Public Drop Off,,,5/12/2020 7:40 AM,,Euthanasia,Disease - Chronic,,
1,Pomeranian,Mix,0,1,47.0,Adult,Normal,5/13/2020 4:50 PM,Owner/Guardian Surrender,For Evaluation,Other,,6/30/2020 3:10 PM,6/30/2020 3:10 PM,Adoption,Adoption Center,,
1,"Spaniel, American Cocker",,0,1,53.0,Adult,Normal,5/13/2020 4:50 PM,Owner/Guardian Surrender,For Evaluation,Other,,6/13/2020 2:31 PM,6/13/2020 2:31 PM,Transfer Out,For Adoption,For Adoption,WI Cocker Rescue
1,American Blue Heeler,Mix,0,1,2.0,Baby,Normal,5/13/2020 5:59 PM,Owner/Guardian Surrender,For Adoption,Other,,8/12/2020 2:55 PM,8/12/2020 2:55 PM,Adoption,Adoption Center,,
0,Domestic Shorthair,Mix,0,1,12.0,Young,Normal,5/13/2020 6:34 PM,Owner/Guardian Surrender,For Adoption,Other,,3/2/2021 11:44 AM,3/2/2021 11:44 AM,Transfer Out,For Adoption,For Adoption,Orphan Animal Rescue - OARS
0,Domestic Shorthair,Mix,0,1,12.0,Young,Normal,5/13/2020 6:34 PM,Owner/Guardian Surrender,For Adoption,Other,,3/2/2021 11:44 AM,3/2/2021 11:44 AM,Transfer Out,For Adoption,For Adoption,Orphan Animal Rescue - OARS
0,Domestic Shorthair,Mix,1,1,,Adult,Normal,5/14/2020 1:49 PM,Owner/Guardian Surrender,For Adoption,Can't find homes for litter,,5/29/2020 1:38 PM,5/29/2020 1:38 PM,Return to Owner/Guardian,Owner Reclaim,,
0,Domestic Shorthair,Mix,0,1,1.0,Young,Normal,5/14/2020 1:49 PM,Owner/Guardian Surrender,For Adoption,Can't find homes for litter,,4/29/2021 8:16 AM,4/29/2021 8:16 AM,Transfer Out,For Adoption,For Adoption,Orphan Animal Rescue - OARS
0,Domestic Shorthair,Mix,1,1,1.0,Young,Normal,5/14/2020 1:51 PM,Owner/Guardian Surrender,For Adoption,Can't find homes for litter,,4/29/2021 8:16 AM,4/29/2021 8:16 AM,Transfer Out,For Adoption,For Adoption,Orphan Animal Rescue - OARS
1,American Blue Heeler,Mix,0,1,2.0,Baby,Normal,5/16/2020 12:37 PM,Owner/Guardian Surrender,For Adoption,Other,,6/10/2020 1:32 PM,6/10/2020 1:32 PM,Adoption,Adoption Center,,
1,American Blue Heeler,Mix,0,1,2.0,Baby,Normal,5/16/2020 12:37 PM,Owner/Guardian Surrender,For Adoption,Other,,6/22/2020 2:11 PM,6/22/2020 2:11 PM,Adoption,Adoption Center,,
1,Border Collie,Mix,0,1,1.0,Baby,Normal,5/16/2020 12:37 PM,Owner/Guardian Surrender,For Adoption,Other,,7/23/2020 3:20 PM,7/23/2020 3:20 PM,Adoption,Adoption Center,,
1,Border Collie,Mix,0,1,1.0,Baby,Normal,5/16/2020 12:37 PM,Owner/Guardian Surrender,For Adoption,Other,,6/25/2020 3:01 PM,6/25/2020 3:01 PM,Adoption,Adoption Center,,
1,Border Collie,Mix,1,0,1.0,Baby,Normal,5/16/2020 12:37 PM,Owner/Guardian Surrender,For Adoption,Other,,5/30/2020 11:24 AM,5/30/2020 11:24 AM,Transfer Out,For Adoption,For Adoption,Green Bay Animal Rescue
1,Border Collie,Mix,1,1,1.0,Baby,Normal,5/16/2020 12:37 PM,Owner/Guardian Surrender,For Adoption,Other,,6/30/2020 12:41 PM,6/30/2020 12:41 PM,Adoption,Adoption Center,,
1,Border Collie,Mix,1,1,1.0,Baby,Normal,5/16/2020 12:37 PM,Owner/Guardian Surrender,For Adoption,Other,,7/9/2020 3:15 PM,7/9/2020 3:15 PM,Adoption,Adoption Center,,
1,Border Collie,Mix,1,0,1.0,Baby,Normal,5/16/2020 12:37 PM,Owner/Guardian Surrender,For Adoption,Other,,5/30/2020 11:24 AM,5/30/2020 11:24 AM,Transfer Out,For Adoption,For Adoption,Green Bay Animal Rescue
1,Border Collie,Mix,1,0,1.0,Baby,Normal,5/16/2020 12:37 PM,Owner/Guardian Surrender,For Adoption,Other,,5/30/2020 11:24 AM,5/30/2020 11:24 AM,Transfer Out,For Adoption,For Adoption,Green Bay Animal Rescue
1,Border Collie,Mix,1,1,1.0,Baby,Normal,5/16/2020 12:37 PM,Owner/Guardian Surrender,For Adoption,Other,,7/1/2020 12:48 PM,7/1/2020 12:48 PM,Adoption,Adoption Center,,
1,Border Collie,Mix,1,0,1.0,Baby,Normal,5/16/2020 12:37 PM,Owner/Guardian Surrender,For Adoption,Other,,5/30/2020 11:24 AM,5/30/2020 11:24 AM,Transfer Out,For Adoption,For Adoption,Green Bay Animal Rescue
0,Domestic Shorthair,Mix,1,1,179.0,Senior,Sick,5/17/2020 12:32 PM,Owner/Guardian Surrender,Euthanasia Owner Request,Health Issues of cat,,5/17/2020 5:48 PM,,Euthanasia,Owner Request,,
0,Domestic Shorthair,Mix,0,1,17.0,Young,Normal,5/19/2020 6:04 PM,Owner/Guardian Surrender,For Adoption,Other,,1/27/2021 1:17 PM,1/27/2021 1:17 PM,Transfer Out,To Specific Rescue,For Adoption,Orphan Animal Rescue - OARS
0,Domestic Shorthair,Mix,1,1,0.0,Baby,Normal,5/19/2020 6:04 PM,Owner/Guardian Surrender,For Adoption,Other,,8/27/2020 6:33 PM,8/27/2020 6:33 PM,Adoption,Adoption Center,,
0,Domestic Shorthair,Mix,1,1,0.0,Baby,Normal,5/19/2020 6:04 PM,Owner/Guardian Surrender,For Adoption,Other,,8/27/2020 6:33 PM,8/27/2020 6:33 PM,Adoption,Adoption Center,,
0,Domestic Shorthair,Mix,0,1,0.0,Baby,Normal,5/19/2020 6:04 PM,Owner/Guardian Surrender,For Adoption,Other,,10/26/2020 7:59 PM,10/26/2020 7:59 PM,Adoption,Adoption Center,,
0,Domestic Shorthair,Mix,1,1,0.0,Young,Normal,5/26/2020 11:14 AM,Stray,Public Drop Off,,,7/16/2020 4:29 PM,7/16/2020 4:29 PM,Adoption,Adoption Center,,
0,Domestic Shorthair,Mix,1,1,2.0,Baby,Normal,5/28/2020 2:12 PM,Owner/Guardian Surrender,For Adoption,Can't find homes for litter,,10/24/2020 4:35 PM,10/24/2020 4:35 PM,Adoption,Adoption Center,,
0,Manx,Mix,1,1,2.0,Baby,Normal,5/28/2020 2:12 PM,Owner/Guardian Surrender,For Adoption,Can't find homes for litter,,6/23/2020 11:28 AM,6/23/2020 11:28 AM,Adoption,Adoption Center,,
0,Domestic Shorthair,Mix,1,1,,Adult,Normal,10/23/2020 12:42 PM,Clinic,Neuter,,,10/23/2020 12:44 PM,10/23/2020 12:44 PM,Clinic Out,Other,,
0,Domestic Shorthair,Mix,1,1,,Adult,Normal,10/23/2020 12:42 PM,Clinic,Neuter,,,10/23/2020 12:45 PM,10/23/2020 12:45 PM,Clinic Out,Other,,
0,Domestic Shorthair,Mix,0,1,4.0,Young,Normal,10/23/2020 1:20 PM,Clinic,Spay,,,10/23/2020 1:27 PM,10/23/2020 1:27 PM,Clinic Out,Other,,
0,Domestic Shorthair,Mix,1,1,4.0,Young,Normal,10/23/2020 1:25 PM,Clinic,Neuter,,,10/23/2020 1:28 PM,10/23/2020 1:28 PM,Clinic Out,Other,,
0,Domestic Shorthair,Mix,1,1,,Young,Normal,10/23/2020 1:39 PM,Clinic,Neuter,,,10/23/2020 1:42 PM,10/23/2020 1:42 PM,Clinic Out,Other,,
0,Domestic Shorthair,Mix,0,1,,Young,Normal,10/23/2020 1:41 PM,Clinic,Spay,,,10/23/2020 1:43 PM,10/23/2020 1:43 PM,Clinic Out,Other,,
0,Domestic Shorthair,Mix,0,1,,Young,Normal,10/23/2020 1:55 PM,Clinic,Spay,,,10/23/2020 1:59 PM,10/23/2020 1:59 PM,Clinic Out,Other,,
0,Domestic Shorthair,Mix,1,1,6.0,Young,Normal,10/23/2020 2:08 PM,Clinic,Neuter,,,10/23/2020 2:11 PM,10/23/2020 2:11 PM,Clinic Out,Other,,
0,Domestic Shorthair,Mix,1,1,6.0,Young,Normal,10/23/2020 2:13 PM,Clinic,Neuter,,,10/23/2020 2:15 PM,10/23/2020 2:15 PM,Clinic Out,Other,,
0,Domestic Shorthair,Mix,1,1,47.0,Adult,Normal,10/24/2020 2:40 PM,Owner/Guardian Surrender,For Adoption,Other,,2/17/2021 8:32 PM,2/17/2021 8:32 PM,Adoption,Adoption Center,,
0,Domestic Medium Hair,Mix,1,1,11.0,Young,Fearful,10/24/2020 2:40 PM,Owner/Guardian Surrender,For Adoption,Other,,2/13/2021 6:06 PM,2/13/2021 6:06 PM,Adoption,Adoption Center,,
1,"Retriever, Labrador",Mix,0,1,,Young,Normal,10/24/2020 2:18 PM,Stray,ACO / Police Drop Off,,,10/26/2020 12:17 PM,10/26/2020 12:17 PM,Return to Owner/Guardian,Stray Reclaim,,
0,Manx,Mix,0,0,,Baby,Sick,10/26/2020 1:57 PM,Owner/Guardian Surrender,For Evaluation,Health Issues of cat,,10/28/2020 1:32 PM,,Euthanasia,Congenital Defect,,
0,Manx,Mix,2,0,,Baby,Sick,10/26/2020 1:57 PM,Owner/Guardian Surrender,For Evaluation,Health Issues of cat,,10/28/2020 1:39 PM,,Euthanasia,Congenital Defect,,
0,Domestic Shorthair,Mix,0,1,14.0,Young,Normal,10/30/2020 1:51 PM,Clinic,Spay,,,10/30/2020 5:34 PM,10/30/2020 5:34 PM,Clinic Out,Microchip,,
0,Domestic Shorthair,Mix,1,1,25.0,Adult,Normal,10/30/2020 1:53 PM,Clinic,Neuter,,,10/30/2020 5:35 PM,10/30/2020 5:35 PM,Clinic Out,Microchip,,
0,Domestic Shorthair,Mix,1,1,17.0,Adult,Normal,11/3/2020 11:49 AM,Owner/Guardian Surrender,For Adoption,Found/Can't Keep,,1/27/2021 1:17 PM,1/27/2021 1:17 PM,Transfer Out,To Specific Rescue,For Adoption,Orphan Animal Rescue - OARS
0,Domestic Shorthair,Mix,0,1,,Adult,Normal,11/3/2020 10:25 AM,Stray,ACO / Police Drop Off,,,11/5/2020 9:08 AM,11/5/2020 9:08 AM,Return to Owner/Guardian,Stray Reclaim,,
1,Shepherd,Mix,0,0,82.0,Adult,Normal,11/6/2020 6:21 AM,Stray,ACO / Police Drop Off,,,11/7/2020 1:18 PM,11/7/2020 1:18 PM,Return to Owner/Guardian,Stray Reclaim,,
0,Domestic Shorthair,Mix,0,1,35.0,Young,Normal,11/7/2020 11:26 AM,Stray,ACO / Police Drop Off,,,11/27/2020 7:49 PM,11/27/2020 7:49 PM,Adoption,Adoption Center,,
0,Domestic Shorthair,Mix,1,1,47.0,Adult,Normal,11/10/2020 2:22 PM,Owner/Guardian Surrender,For Adoption,Found/Can't Keep,,2/28/2021 12:09 PM,2/28/2021 12:09 PM,Adoption,Adoption Center,,
1,"Terrier, Boston",Mix,0,0,143.0,Senior,Sick,11/9/2020 1:16 PM,Owner/Guardian Surrender,Euthanasia Owner Request,Health Issues of Dog,,11/9/2020 6:01 PM,,Euthanasia,Owner Request,,
0,Domestic Longhair,Mix,0,1,4.0,Young,Normal,11/13/2020 10:11 AM,Clinic,Spay,,,11/13/2020 11:08 AM,11/13/2020 11:08 AM,Clinic Out,Other,,
0,Domestic Shorthair,Mix,0,1,2.0,Young,Normal,11/13/2020 10:11 AM,Clinic,Spay,,,11/13/2020 11:08 AM,11/13/2020 11:08 AM,Clinic Out,Other,,
0,Domestic Shorthair,Mix,0,1,,Young,Normal,11/13/2020 10:11 AM,Clinic,Spay,,,11/13/2020 11:08 AM,11/13/2020 11:08 AM,Clinic Out,Other,,
0,Domestic Shorthair,Mix,1,1,6.0,Young,Normal,11/13/2020 10:11 AM,Clinic,Spay,,,11/13/2020 11:08 AM,11/13/2020 11:08 AM,Clinic Out,Other,,
0,Domestic Shorthair,Mix,0,1,7.0,Young,Normal,11/13/2020 10:11 AM,Clinic,Spay,,,11/13/2020 11:08 AM,11/13/2020 11:08 AM,Clinic Out,Other,,
0,Domestic Shorthair,Mix,1,1,8.0,Young,Normal,11/13/2020 10:28 AM,Transfer In,For Adoption,Ready for Adoption,Shawano Cares About Critters (SCAC),1/27/2021 1:17 PM,1/27/2021 1:17 PM,Transfer Out,To Specific Rescue,For Adoption,Orphan Animal Rescue - OARS
0,Domestic Shorthair,Mix,1,1,8.0,Young,Normal,11/13/2020 10:30 AM,Transfer In,For Adoption,Ready for Adoption,Shawano Cares About Critters (SCAC),2/3/2021 8:18 PM,2/3/2021 8:18 PM,Adoption,Adoption Center,,
0,Domestic Shorthair,Mix,1,1,8.0,Young,Normal,11/13/2020 10:30 AM,Transfer In,For Adoption,Ready for Adoption,Shawano Cares About Critters (SCAC),1/27/2021 1:17 PM,1/27/2021 1:17 PM,Transfer Out,To Specific Rescue,For Adoption,Orphan Animal Rescue - OARS
0,Domestic Shorthair,Mix,0,1,6.0,Young,Injured,11/13/2020 5:11 PM,Stray,ACO / Police Drop Off,,,2/20/2021 5:25 PM,2/20/2021 5:25 PM,Adoption,Adoption Center,,
1,American Blue Heeler,Mix,1,1,23.0,Adult,Normal,11/19/2020 8:00 AM,Owner/Guardian Surrender,For Adoption,Other,,1/30/2021 3:24 PM,1/30/2021 3:24 PM,Adoption,Adoption Center,,
1,"Mixed Breed, Medium (up to 44 lbs fully grown)",Mix,0,1,9.0,Young,Normal,11/19/2020 8:46 AM,Owner/Guardian Surrender,For Adoption,Other,,1/22/2021 7:07 PM,1/22/2021 7:07 PM,Adoption,Adoption Center,,
0,Domestic Medium Hair,Mix,1,1,3.0,Young,Normal,11/20/2020 8:58 AM,Owner/Guardian Surrender,For Adoption,Other,,1/25/2021 6:00 PM,1/25/2021 6:00 PM,Adoption,Adoption Center,,
0,Domestic Shorthair,Mix,0,1,3.0,Baby,Normal,11/18/2020 4:00 PM,Stray,ACO / Police Drop Off,,,12/13/2020 1:12 PM,12/13/2020 1:12 PM,Adoption,Adoption Center,,
1,Shepherd,Mix,1,1,119.0,Adult,Normal,11/22/2020 3:41 PM,Stray,ACO / Police Drop Off,,,1/6/2021 11:42 AM,1/6/2021 11:42 AM,Adoption,Adoption Center,,
0,Domestic Medium Hair,Mix,1,1,9.0,Adult,Normal,11/22/2020 3:53 PM,Owner/Guardian Surrender,For Adoption,Other,,12/19/2020 2:39 PM,12/19/2020 2:39 PM,Adoption,Adoption Center,,
0,Domestic Medium Hair,Mix,0,1,2.0,Baby,Normal,11/22/2020 4:19 PM,Owner/Guardian Surrender,For Adoption,Other,,1/8/2021 6:24 PM,1/8/2021 6:24 PM,Adoption,Adoption Center,,
0,Domestic Medium Hair,Mix,0,1,3.0,Baby,Normal,11/22/2020 4:19 PM,Owner/Guardian Surrender,For Adoption,Other,,1/4/2021 4:33 PM,1/4/2021 4:33 PM,Adoption,Adoption Center,,
0,Domestic Medium Hair,Mix,1,1,3.0,Baby,Normal,11/22/2020 4:19 PM,Owner/Guardian Surrender,For Adoption,Other,,1/26/2021 1:47 PM,1/26/2021 1:47 PM,Adoption,Adoption Center,,
0,Domestic Medium Hair,Mix,1,1,2.0,Baby,Normal,11/22/2020 4:19 PM,Owner/Guardian Surrender,For Adoption,Other,,2/10/2021 7:52 PM,2/10/2021 7:52 PM,Adoption,Adoption Center,,
0,Domestic Medium Hair,Mix,1,1,3.0,Baby,Normal,11/22/2020 4:19 PM,Owner/Guardian Surrender,For Adoption,Other,,1/8/2021 6:46 PM,1/8/2021 6:46 PM,Adoption,Adoption Center,,
0,Domestic Shorthair,Mix,1,1,2.0,Baby,Normal,11/22/2020 4:19 PM,Owner/Guardian Surrender,For Adoption,Other,,1/18/2021 5:42 PM,1/18/2021 5:42 PM,Adoption,Adoption Center,,
0,Domestic Shorthair,Mix,1,1,2.0,Baby,Normal,11/22/2020 4:19 PM,Owner/Guardian Surrender,For Adoption,Other,,1/25/2021 5:48 PM,1/25/2021 5:48 PM,Adoption,Adoption Center,,
0,Domestic Shorthair,Mix,1,1,2.0,Baby,Normal,11/22/2020 4:19 PM,Owner/Guardian Surrender,For Adoption,Other,,1/2/2021 2:37 PM,1/2/2021 2:37 PM,Adoption,Adoption Center,,
0,Domestic Shorthair,Mix,1,1,7.0,Young,Normal,11/27/2020 10:21 AM,Clinic,Neuter,,,11/27/2020 10:34 AM,11/27/2020 10:34 AM,Clinic Out,Vaccinations,,
0,Domestic Medium Hair,Mix,1,1,3.0,Young,Normal,11/27/2020 11:58 AM,Clinic,Neuter,,,11/27/2020 12:00 PM,11/27/2020 12:00 PM,Clinic Out,Other,,
0,Domestic Shorthair,Mix,0,1,3.0,Young,Normal,11/27/2020 12:02 PM,Clinic,Spay,,,11/27/2020 12:04 PM,11/27/2020 12:04 PM,Clinic Out,Other,,
0,Domestic Shorthair,Mix,1,1,84.0,Adult,Normal,11/27/2020 12:33 PM,Clinic,Microchip,,,11/27/2020 12:37 PM,11/27/2020 12:37 PM,Clinic Out,Microchip,,
0,Domestic Shorthair,Mix,1,1,65.0,Adult,Normal,11/27/2020 12:42 PM,Clinic,Microchip,,,11/27/2020 12:47 PM,11/27/2020 12:47 PM,Clinic Out,Microchip,,
0,Domestic Shorthair,Mix,2,0,,Young,Normal,11/29/2020 3:46 PM,Stray,ACO / Police Drop Off,,,11/30/2020 5:14 PM,11/30/2020 5:14 PM,Return to Owner/Guardian,Stray Reclaim,,
0,Domestic Shorthair,Mix,1,1,23.0,Adult,Normal,12/2/2020 12:52 PM,Stray,Public Drop Off,,,3/19/2021 3:13 PM,3/19/2021 3:13 PM,Transfer Out,For Adoption,For Adoption,Orphan Animal Rescue - OARS
0,Domestic Shorthair,Mix,0,1,7.0,Young,Normal,12/2/2020 1:20 PM,Stray,ACO / Police Drop Off,,,1/7/2021 10:08 AM,1/7/2021 10:08 AM,Transfer Out,To Specific Rescue,For Adoption,Oshkosh Area Humane Society #1
1,"Terrier, Rat",Mix,1,1,1.0,Baby,Normal,12/5/2020 2:04 PM,Owner/Guardian Surrender,For Adoption,Other,,1/13/2021 3:11 PM,1/13/2021 3:11 PM,Adoption,Adoption Center,,
1,"Terrier, Rat",Mix,1,1,2.0,Baby,Normal,12/5/2020 2:04 PM,Owner/Guardian Surrender,For Adoption,Other,,1/22/2021 6:13 PM,1/22/2021 6:13 PM,Adoption,Adoption Center,,
1,"Terrier, Rat",Mix,1,1,2.0,Baby,Normal,12/5/2020 2:04 PM,Owner/Guardian Surrender,For Adoption,Other,,2/8/2021 4:37 PM,2/8/2021 4:37 PM,Adoption,Adoption Center,,
1,"Terrier, Rat",Mix,0,1,2.0,Baby,Normal,12/5/2020 2:04 PM,Owner/Guardian Surrender,For Adoption,Other,,1/7/2021 4:18 PM,1/7/2021 4:18 PM,Adoption,Adoption Center,,
1,"Terrier, Rat",Mix,0,1,2.0,Baby,Normal,12/5/2020 2:04 PM,Owner/Guardian Surrender,For Adoption,Other,,2/1/2021 1:36 PM,2/1/2021 1:36 PM,Adoption,Adoption Center,,
1,Border Collie,Mix,1,1,2.0,Baby,Normal,12/5/2020 2:04 PM,Owner/Guardian Surrender,For Adoption,Other,,1/26/2021 1:34 PM,1/26/2021 1:34 PM,Adoption,Adoption Center,,
1,Border Collie,Mix,1,1,2.0,Baby,Normal,12/5/2020 2:04 PM,Owner/Guardian Surrender,For Adoption,Other,,1/17/2021 6:25 PM,1/17/2021 6:25 PM,Adoption,Adoption Center,,
1,Border Collie,Mix,0,1,2.0,Baby,Normal,12/5/2020 2:04 PM,Owner/Guardian Surrender,For Adoption,Other,,1/2/2021 12:44 PM,1/2/2021 12:44 PM,Adoption,Adoption Center,,
1,Border Collie,Mix,0,1,2.0,Baby,Normal,12/5/2020 2:04 PM,Owner/Guardian Surrender,For Adoption,Other,,1/13/2021 2:29 PM,1/13/2021 2:29 PM,Adoption,Adoption Center,,
1,Border Collie,Mix,0,1,2.0,Baby,Normal,12/5/2020 2:04 PM,Owner/Guardian Surrender,For Adoption,Other,,1/19/2021 3:57 PM,1/19/2021 3:57 PM,Adoption,Adoption Center,,
0,Domestic Shorthair,Mix,1,1,2.0,Baby,Normal,12/7/2020 1:40 PM,Owner/Guardian Surrender,For Adoption,Found/Can't Keep,,12/30/2020 6:08 PM,12/30/2020 6:08 PM,Adoption,Adoption Center,,
0,Domestic Shorthair,Mix,1,1,2.0,Baby,Normal,12/7/2020 1:40 PM,Owner/Guardian Surrender,For Adoption,Found/Can't Keep,,12/30/2020 6:08 PM,12/30/2020 6:08 PM,Adoption,Adoption Center,,
0,Domestic Shorthair,Mix,0,1,6.0,Baby,Normal,12/8/2020 11:32 AM,Owner/Guardian Surrender,For Adoption,Too Many Pets,,1/17/2021 5:37 PM,,Died,Ill,,
0,Domestic Shorthair,Mix,1,1,6.0,Baby,Normal,12/8/2020 11:32 AM,Owner/Guardian Surrender,For Adoption,Too Many Pets,,2/25/2021 6:10 PM,2/25/2021 6:10 PM,Adoption,Adoption Center,,
0,Domestic Shorthair,Mix,1,1,23.0,Young,Normal,12/7/2020 2:26 PM,Stray,ACO / Police Drop Off,,,3/14/2021 2:45 PM,3/14/2021 2:45 PM,Adoption,Adoption Center,,
0,Domestic Shorthair,Mix,1,1,7.0,Young,Normal,12/14/2020 9:57 AM,Stray,Public Drop Off,,,2/25/2021 6:10 PM,2/25/2021 6:10 PM,Adoption,Adoption Center,,
1,Border Collie,Mix,1,1,4.0,Baby,Normal,12/16/2020 4:48 PM,Owner/Guardian Surrender,For Adoption,Other,,1/29/2021 6:55 PM,1/29/2021 6:55 PM,Adoption,Adoption Center,,
0,Domestic Medium Hair,Mix,1,1,3.0,Baby,Normal,12/20/2020 2:49 PM,Owner/Guardian Surrender,For Adoption,Found/Can't Keep,,3/12/2021 3:22 PM,3/12/2021 3:22 PM,Adoption,Adoption Center,,
