animal_type,record_no,status,date,record_type,record_sub_type
Cat,M44244776,Completed,23-Mar-18,Surgery,HSWC Spay Resident
Cat,M43625283,Completed,2-Feb-18,Surgery,HSWC Spay Resident
Cat,M43817874,Completed,30-Jan-18,Surgery,HSWC Spay Resident
Cat,M43511736,Completed,25-Jan-18,Surgery,HSWC Neut Resident
Cat,M44784946,Completed,3-May-18,Surgery,HSWC Spay Resident
Cat,M43245346,Completed,5-Jan-18,Surgery,HSWC Neut Resident
Cat,M44784766,Completed,3-May-18,Surgery,HSWC Spay Resident
Cat,M44784874,Completed,3-May-18,Surgery,HSWC Spay Resident
Cat,M43625284,Completed,2-Feb-18,Surgery,HSWC Spay Resident
Cat,M43589053,Completed,30-Jan-18,Surgery,Spay
Cat,M43987520,Completed,2-Mar-18,Surgery,HSWC Spay Resident
Cat,M43245443,Completed,5-Jan-18,Surgery,HSWC Neut Resident
Cat,M43511851,Completed,25-Jan-18,Surgery,HSWC Neut Resident
Cat,M44225274,Completed,21-Mar-18,Surgery,Other Procedure
Cat,M43511913,Completed,25-Jan-18,Surgery,HSWC Neut Resident
Cat,M43987521,Completed,2-Mar-18,Surgery,HSWC Spay Resident
Cat,M43593355,Completed,26-Jan-18,Surgery,HSWC Neut Resident
Cat,M43593354,Completed,26-Jan-18,Surgery,HSWC Neut Resident
Cat,M43593353,Completed,26-Jan-18,Surgery,HSWC Neut Resident
Cat,M43775214,Completed,14-Feb-18,Surgery,HSWC Neut Resident
Cat,M43625282,Completed,2-Feb-18,Surgery,HSWC Spay Resident
Cat,M43987592,Completed,2-Mar-18,Surgery,HSWC Neut Resident
Cat,M43987522,Completed,2-Mar-18,Surgery,HSWC Spay Resident
Cat,M43987593,Completed,2-Mar-18,Surgery,HSWC Neut Resident
Cat,M43987523,Completed,2-Mar-18,Surgery,HSWC Spay Resident
Cat,M44225292,Completed,21-Mar-18,Surgery,Other Procedure
Cat,M43987637,Completed,2-Mar-18,Surgery,HSWC Neut Resident w/other pro
Cat,M43987594,Completed,2-Mar-18,Surgery,HSWC Neut Resident
Cat,M44693669,Completed,27-Apr-18,Surgery,HSWC Neut Resident
Cat,M45316302,Completed,7-Jun-18,Surgery,HSWC Spay Resident
Cat,M44686625,Completed,26-Apr-18,Surgery,HSWC Neut Resident
Cat,M44686547,Completed,26-Apr-18,Surgery,HSWC Neut Resident
Cat,M44685813,Completed,26-Apr-18,Surgery,HSWC Neut Resident
Cat,M44601480,Completed,20-Apr-18,Surgery,HSWC Spay Resident
Cat,M46193297,Completed,24-Jul-18,Surgery,HSWC Spay Resident
Cat,M45343981,Completed,8-Jun-18,Surgery,HSWC Spay Resident
Cat,M45227094,Completed,1-Jun-18,Surgery,HSWC Neut Resident
Cat,M45344023,Completed,8-Jun-18,Surgery,HSWC Spay Resident
Cat,M45344001,Completed,8-Jun-18,Surgery,HSWC Spay Resident
Cat,M45344041,Completed,8-Jun-18,Surgery,HSWC Spay Resident
Cat,M45344067,Completed,8-Jun-18,Surgery,HSWC Spay Resident
Cat,M45234034,Completed,1-Jun-18,Surgery,HSWC Neut Resident
Cat,M45234035,Completed,1-Jun-18,Surgery,HSWC Neut Resident
Cat,M45195256,Completed,31-May-18,Surgery,HSWC Neut Resident
Cat,M45914861,Completed,10-Jul-18,Surgery,HSWC Spay Resident
Cat,M46354311,Completed,3-Aug-18,Surgery,HSWC Spay Resident
Cat,M46354320,Completed,3-Aug-18,Surgery,HSWC Spay Resident
Cat,M45316303,Completed,7-Jun-18,Surgery,HSWC Spay Resident
Cat,M45914862,Completed,10-Jul-18,Surgery,HSWC Spay Resident
Cat,M45345963,Completed,8-Jun-18,Surgery,HSWC Neut Resident
Cat,M45345926,Completed,8-Jun-18,Surgery,HSWC Spay Resident
Cat,M45345925,Completed,8-Jun-18,Surgery,HSWC Spay Resident
Cat,M45345962,Completed,8-Jun-18,Surgery,HSWC Neut Resident
Cat,M46355577,Completed,31-Jul-18,Surgery,HSWC Spay Resident
Cat,M46193361,Completed,24-Jul-18,Surgery,HSWC Neut Resident
Cat,M46193335,Completed,24-Jul-18,Surgery,HSWC Spay Resident
Cat,M46193347,Completed,24-Jul-18,Surgery,HSWC Spay Resident
Cat,M46193386,Completed,24-Jul-18,Surgery,HSWC Neut Resident
Cat,M46327489,Completed,3-Aug-18,Surgery,HSWC Spay Resident
Cat,M45195154,Completed,31-May-18,Surgery,HSWC Neut Resident
Cat,M44972479,Completed,16-May-18,Surgery,HSWC Spay Resident
Cat,M45195333,Completed,31-May-18,Surgery,HSWC Neut Resident
Cat,M45234032,Completed,1-Jun-18,Surgery,HSWC Neut Resident
Cat,M45195414,Completed,31-May-18,Surgery,HSWC Neut Resident
Cat,M46354464,Completed,3-Aug-18,Surgery,HSWC Neut Resident
Cat,M46899807,Completed,7-Sep-18,Surgery,HSWC Spay Resident
Cat,M46463568,Completed,10-Aug-18,Surgery,HSWC Neut Resident
Cat,M46463569,Completed,10-Aug-18,Surgery,HSWC Neut Resident
Cat,M45768169,Completed,28-Jun-18,Surgery,HSWC Spay Resident
Cat,M45767654,Completed,28-Jun-18,Surgery,HSWC Spay Resident
Cat,M45767651,Completed,28-Jun-18,Surgery,HSWC Spay Resident
Cat,M45767652,Completed,28-Jun-18,Surgery,HSWC Spay Resident
Cat,M45767653,Completed,28-Jun-18,Surgery,HSWC Spay Resident
Cat,M45767686,Completed,28-Jun-18,Surgery,HSWC Neut Resident
Cat,M45832595,Completed,3-Jul-18,Surgery,HSWC Spay Resident
Cat,M45832596,Completed,3-Jul-18,Surgery,HSWC Spay Resident
Cat,M45914775,Completed,10-Jul-18,Surgery,HSWC Neut Resident
Cat,M45914787,Completed,10-Jul-18,Surgery,HSWC Neut Resident
Cat,M45914796,Completed,10-Jul-18,Surgery,HSWC Neut Resident
Cat,M45914854,Completed,10-Jul-18,Surgery,HSWC Neut Resident
Cat,M45955098,Completed,10-Jul-18,Surgery,HSWC Spay Resident
Cat,M46463570,Completed,10-Aug-18,Surgery,HSWC Neut Resident
Cat,M46463571,Completed,10-Aug-18,Surgery,HSWC Neut Resident
Cat,M46463572,Completed,10-Aug-18,Surgery,HSWC Neut Resident
Cat,M46354282,Completed,3-Aug-18,Surgery,HSWC Spay Resident
Cat,M45914847,Completed,10-Jul-18,Surgery,HSWC Neut Resident
Cat,M45914929,Completed,10-Jul-18,Surgery,HSWC Spay Resident
Cat,M46193311,Completed,24-Jul-18,Surgery,HSWC Spay Resident
Cat,M46193328,Completed,24-Jul-18,Surgery,HSWC Spay Resident
Cat,M45914804,Completed,10-Jul-18,Surgery,HSWC Neut Resident
Cat,M46354369,Completed,3-Aug-18,Surgery,HSWC Spay Resident
Cat,M46267485,Completed,31-Jul-18,Surgery,HSWC Neut Resident
Cat,M45992232,Completed,13-Jul-18,Surgery,HSWC Neut Resident
Cat,M46327377,Completed,3-Aug-18,Surgery,HSWC Spay Resident
Cat,M46327422,Completed,3-Aug-18,Surgery,HSWC Spay Resident
Cat,M46267241,Completed,31-Jul-18,Surgery,HSWC Neut Resident
Cat,M46354339,Completed,3-Aug-18,Surgery,HSWC Spay Resident
Cat,M46899854,Completed,7-Sep-18,Surgery,HSWC Spay Resident
Cat,M46327445,Completed,3-Aug-18,Surgery,HSWC Spay Resident
Cat,M46354358,Completed,3-Aug-18,Surgery,HSWC Spay Resident
Cat,M46193414,Completed,24-Jul-18,Surgery,HSWC Neut Resident
Cat,M46193425,Completed,24-Jul-18,Surgery,HSWC Neut Resident
Cat,M46267268,Completed,31-Jul-18,Surgery,HSWC Neut Resident
Cat,M46876193,Completed,4-Sep-18,Surgery,HSWC Neut Resident
Cat,M46876192,Completed,4-Sep-18,Surgery,HSWC Neut Resident
Cat,M46899750,Completed,7-Sep-18,Surgery,HSWC Spay Resident
Cat,M46463574,Completed,10-Aug-18,Surgery,HSWC Neut Resident
Cat,M46463573,Completed,10-Aug-18,Surgery,HSWC Neut Resident
Cat,M46876194,Completed,4-Sep-18,Surgery,HSWC Neut Resident
Cat,M46876195,Completed,4-Sep-18,Surgery,HSWC Neut Resident
Cat,M46868121,Completed,4-Sep-18,Surgery,HSWC Neut Resident
Cat,M46868180,Completed,4-Sep-18,Surgery,HSWC Neut Resident
Cat,M46900609,Completed,7-Sep-18,Surgery,HSWC Spay Resident
Cat,M47593856,Completed,19-Oct-18,Surgery,HSWC Neut Resident
Cat,M47593857,Completed,19-Oct-18,Surgery,HSWC Neut Resident
Cat,M48046815,Completed,16-Nov-18,Surgery,HSWC Spay Resident
Cat,M46900622,Completed,7-Sep-18,Surgery,HSWC Spay Resident
Cat,M47372609,Completed,5-Oct-18,Surgery,HSWC Spay Resident
Cat,M48046816,Completed,16-Nov-18,Surgery,HSWC Spay Resident
Cat,M46899978,Completed,7-Sep-18,Surgery,HSWC Neut Resident
Cat,M47372451,Completed,5-Oct-18,Surgery,HSWC Neut Resident
Cat,M47372452,Completed,5-Oct-18,Surgery,HSWC Neut Resident
Cat,M47141232,Completed,21-Sep-18,Surgery,Neuter
Cat,M47130392,Completed,21-Sep-18,Surgery,Neuter
Cat,M47130425,Completed,21-Sep-18,Surgery,Neuter
Cat,M47130644,Completed,21-Sep-18,Surgery,Spay
Cat,M47130726,Completed,21-Sep-18,Surgery,Spay
Cat,M47131044,Completed,21-Sep-18,Surgery,Spay
Cat,M47134125,Completed,21-Sep-18,Surgery,Spay
Cat,M47134354,Completed,21-Sep-18,Surgery,Neuter
Cat,M47134483,Completed,21-Sep-18,Surgery,Neuter
Cat,M47134621,Completed,21-Sep-18,Surgery,Neuter
Cat,M47135049,Completed,21-Sep-18,Surgery,Spay
Cat,M47135202,Completed,21-Sep-18,Surgery,Spay
Cat,M47135391,Completed,21-Sep-18,Surgery,Spay
Cat,M47135868,Completed,21-Sep-18,Surgery,Neuter
Cat,M47135996,Completed,21-Sep-18,Surgery,Spay
Cat,M47136048,Completed,21-Sep-18,Surgery,Spay
Cat,M47136988,Completed,21-Sep-18,Surgery,Spay
Cat,M47137674,Completed,21-Sep-18,Surgery,Neuter
Cat,M47137711,Completed,21-Sep-18,Surgery,Neuter
Cat,M47138113,Completed,21-Sep-18,Surgery,Spay
Cat,M47138607,Completed,21-Sep-18,Surgery,Spay
Cat,M47936124,Completed,9-Nov-18,Surgery,HSWC Spay Resident w/other pro
Cat,M48015585,Completed,16-Nov-18,Surgery,HSWC Neut Resident
Cat,M47936125,Completed,9-Nov-18,Surgery,HSWC Spay Resident w/other pro
Cat,M48015741,Completed,16-Nov-18,Surgery,HSWC Spay Resident
Cat,M48046817,Completed,16-Nov-18,Surgery,HSWC Spay Resident
Cat,M48043567,Completed,16-Nov-18,Surgery,HSWC Spay Resident
Cat,M48047168,Completed,9-Nov-18,Surgery,HSWC Neut Resident
Cat,M48047169,Completed,9-Nov-18,Surgery,HSWC Neut Resident
Cat,M48047170,Completed,9-Nov-18,Surgery,HSWC Neut Resident
Cat,M48047171,Completed,9-Nov-18,Surgery,HSWC Neut Resident
Cat,M47582145,Completed,19-Oct-18,Surgery,Neuter
Cat,M48015649,Completed,16-Nov-18,Surgery,HSWC Neut Resident
Cat,M48015715,Completed,16-Nov-18,Surgery,HSWC Neut Resident
Cat,M48015623,Completed,16-Nov-18,Surgery,HSWC Neut Resident
Cat,M48015676,Completed,16-Nov-18,Surgery,HSWC Neut Resident
Dog,M43247999,Completed,5-Jan-18,Surgery,HSWC Spay Resident
Dog,M43248030,Completed,5-Jan-18,Surgery,HSWC Spay Resident
Dog,M43248064,Completed,5-Jan-18,Surgery,HSWC Spay Resident
Dog,M43248096,Completed,5-Jan-18,Surgery,HSWC Spay Resident
Dog,M43248120,Completed,5-Jan-18,Surgery,HSWC Spay Resident
Dog,M43248199,Completed,5-Jan-18,Surgery,HSWC Neut Resident
Dog,M43248229,Completed,5-Jan-18,Surgery,HSWC Neut Resident
Dog,M43248251,Completed,5-Jan-18,Surgery,HSWC Neut Resident
Dog,M43248401,Completed,5-Jan-18,Surgery,HSWC Neut Resident
Dog,M43248446,Completed,5-Jan-18,Surgery,HSWC Neut Resident
Dog,M43366444,Completed,13-Jan-18,Surgery,HSWC Spay Resident
Dog,M43366443,Completed,13-Jan-18,Surgery,HSWC Spay Resident
Dog,M43366478,Completed,13-Jan-18,Surgery,HSWC Neut Resident
Dog,M43366479,Completed,13-Jan-18,Surgery,HSWC Neut Resident
Dog,M43366480,Completed,13-Jan-18,Surgery,HSWC Neut Resident
Dog,M43366481,Completed,13-Jan-18,Surgery,HSWC Neut Resident
Dog,M43248140,Completed,5-Jan-18,Surgery,HSWC Spay Resident
Dog,M43248460,Completed,5-Jan-18,Surgery,HSWC Neut Resident
Dog,M43248158,Completed,5-Jan-18,Surgery,HSWC Spay Resident
Dog,M43366445,Completed,13-Jan-18,Surgery,HSWC Spay Resident
Dog,M43366446,Completed,13-Jan-18,Surgery,HSWC Spay Resident
Dog,M43366484,Completed,13-Jan-18,Surgery,HSWC Neut Resident
Dog,M43366485,Completed,13-Jan-18,Surgery,HSWC Neut Resident
Dog,M43366486,Completed,13-Jan-18,Surgery,HSWC Neut Resident
Dog,M43366482,Completed,13-Jan-18,Surgery,HSWC Neut Resident
Dog,M43366483,Completed,13-Jan-18,Surgery,HSWC Neut Resident
Dog,M43366447,Completed,13-Jan-18,Surgery,HSWC Spay Resident
Dog,M44225261,Completed,21-Mar-18,Surgery,Other Procedure
Dog,M43512230,Completed,25-Jan-18,Surgery,HSWC Neut Resident
Dog,M43540924,Completed,24-Jan-18,Surgery,Spay
Dog,M43540947,Completed,24-Jan-18,Surgery,Spay
Dog,M43540959,Completed,24-Jan-18,Surgery,Spay
Dog,M43540935,Completed,24-Jan-18,Surgery,Spay
Dog,M43540964,Completed,24-Jan-18,Surgery,Neuter
Dog,M43540969,Completed,24-Jan-18,Surgery,Neuter
Dog,M43775124,Completed,14-Feb-18,Surgery,HSWC Neut Resident w/other pro
Dog,M43625319,Completed,2-Feb-18,Surgery,HSWC Spay Resident
Dog,M43625461,Completed,2-Feb-18,Surgery,HSWC Neut Resident
Dog,M43625462,Completed,2-Feb-18,Surgery,HSWC Neut Resident
Dog,M43625463,Completed,2-Feb-18,Surgery,HSWC Neut Resident
Dog,M43987514,Completed,2-Mar-18,Surgery,HSWC Spay Resident
Dog,M43987515,Completed,2-Mar-18,Surgery,HSWC Spay Resident
Dog,M43987516,Completed,2-Mar-18,Surgery,HSWC Spay Resident
Dog,M43987517,Completed,2-Mar-18,Surgery,HSWC Spay Resident
Dog,M43987518,Completed,2-Mar-18,Surgery,HSWC Spay Resident
Dog,M43987519,Completed,2-Mar-18,Surgery,HSWC Spay Resident
Dog,M43625314,Completed,2-Feb-18,Surgery,HSWC Spay Resident
Dog,M43625315,Completed,2-Feb-18,Surgery,HSWC Spay Resident
Dog,M43625316,Completed,2-Feb-18,Surgery,HSWC Spay Resident
Dog,M43625317,Completed,2-Feb-18,Surgery,HSWC Spay Resident
Dog,M43625460,Completed,2-Feb-18,Surgery,HSWC Neut Resident
Dog,M43625318,Completed,2-Feb-18,Surgery,HSWC Spay Resident
Dog,M44225311,Completed,21-Mar-18,Surgery,HSWC Spay Resident w/other pro
Dog,M44248583,Completed,23-Mar-18,Surgery,HSWC Neut Resident
Dog,M44248590,Completed,23-Mar-18,Surgery,HSWC Neut Resident
Dog,M44248603,Completed,23-Mar-18,Surgery,HSWC Neut Resident
Dog,M44248618,Completed,23-Mar-18,Surgery,HSWC Neut Resident
Dog,M44248651,Completed,23-Mar-18,Surgery,HSWC Neut Resident
Dog,M44244806,Completed,23-Mar-18,Surgery,HSWC Spay Resident
Dog,M44244821,Completed,23-Mar-18,Surgery,HSWC Spay Resident
Dog,M44244835,Completed,23-Mar-18,Surgery,HSWC Spay Resident
Dog,M44244844,Completed,23-Mar-18,Surgery,HSWC Spay Resident
Dog,M44248477,Completed,23-Mar-18,Surgery,HSWC Neut Resident
Dog,M44248529,Completed,23-Mar-18,Surgery,HSWC Spay Resident
Dog,M43966783,Completed,1-Mar-18,Surgery,HSWC Spay Resident
Dog,M44248545,Completed,23-Mar-18,Surgery,HSWC Neut Resident
Dog,M44614910,Completed,20-Apr-18,Surgery,HSWC Spay Resident
Dog,M44614911,Completed,20-Apr-18,Surgery,HSWC Spay Resident
Dog,M44237188,Completed,22-Mar-18,Surgery,HSWC Neut Resident
Dog,M44244851,Completed,23-Mar-18,Surgery,HSWC Spay Resident
Dog,M44248564,Completed,23-Mar-18,Surgery,HSWC Neut Resident
Dog,M44244862,Completed,23-Mar-18,Surgery,HSWC Spay Resident
Dog,M44601613,Completed,20-Apr-18,Surgery,HSWC Spay Resident
Dog,M44614923,Completed,20-Apr-18,Surgery,HSWC Neut Resident
Dog,M44614924,Completed,20-Apr-18,Surgery,HSWC Neut Resident
Dog,M44614925,Completed,20-Apr-18,Surgery,HSWC Neut Resident
Dog,M44614912,Completed,20-Apr-18,Surgery,HSWC Spay Resident
Dog,M44614913,Completed,20-Apr-18,Surgery,HSWC Spay Resident
Dog,M44705998,Completed,27-Apr-18,Surgery,Other Procedure
Dog,M44601744,Completed,20-Apr-18,Surgery,HSWC Neut Resident
Dog,M44812249,Completed,4-May-18,Surgery,HSWC Neut Resident
Dog,M44812250,Completed,4-May-18,Surgery,HSWC Neut Resident
Dog,M44812251,Completed,4-May-18,Surgery,HSWC Neut Resident
Dog,M44812253,Completed,4-May-18,Surgery,HSWC Neut Resident
Dog,M44812254,Completed,4-May-18,Surgery,HSWC Neut Resident
Dog,M44745488,Completed,27-Apr-18,Surgery,HSWC Spay Resident
Dog,M44745515,Completed,27-Apr-18,Surgery,HSWC Spay Resident
Dog,M44601702,Completed,20-Apr-18,Surgery,HSWC Spay Resident
Dog,M44601652,Completed,20-Apr-18,Surgery,HSWC Spay Resident
Dog,M44707954,Completed,27-Apr-18,Surgery,HSWC Spay Resident
Dog,M44707955,Completed,27-Apr-18,Surgery,HSWC Spay Resident
Dog,M44707956,Completed,27-Apr-18,Surgery,HSWC Spay Resident
Dog,M44707960,Completed,27-Apr-18,Surgery,HSWC Neut Resident
Dog,M44707961,Completed,27-Apr-18,Surgery,HSWC Neut Resident
Dog,M44707962,Completed,27-Apr-18,Surgery,HSWC Neut Resident
Dog,M44693731,Completed,27-Apr-18,Surgery,HSWC Spay Resident
Dog,M44676548,Completed,24-Apr-18,Surgery,HSWC Spay Resident
Dog,M44676545,Completed,24-Apr-18,Surgery,HSWC Neut Resident
Dog,M44676546,Completed,24-Apr-18,Surgery,HSWC Neut Resident
Dog,M44676547,Completed,24-Apr-18,Surgery,HSWC Neut Resident
Dog,M44784991,Completed,3-May-18,Surgery,HSWC Spay Resident
Dog,M44785114,Completed,3-May-18,Surgery,HSWC Spay Resident
Dog,M44841088,Completed,4-May-18,Surgery,HSWC Spay Resident
Dog,M45316414,Completed,7-Jun-18,Surgery,HSWC Neut Resident
Dog,M45344284,Completed,8-Jun-18,Surgery,HSWC Neut Resident
Dog,M45316415,Completed,7-Jun-18,Surgery,HSWC Neut Resident
Dog,M45344310,Completed,8-Jun-18,Surgery,HSWC Neut Resident
Dog,M45316416,Completed,7-Jun-18,Surgery,HSWC Neut Resident
Dog,M45344343,Completed,8-Jun-18,Surgery,HSWC Neut Resident
Dog,M45449278,Completed,29-May-18,Surgery,Spay
Dog,M45017847,Completed,15-May-18,Surgery,HSWC Neut Resident
Dog,M45017846,Completed,15-May-18,Surgery,HSWC Neut Resident
Dog,M45234037,Completed,1-Jun-18,Surgery,HSWC Neut Resident
Dog,M45234036,Completed,1-Jun-18,Surgery,HSWC Neut Resident
Dog,M45344094,Completed,8-Jun-18,Surgery,HSWC Spay Resident
Dog,M45344155,Completed,8-Jun-18,Surgery,HSWC Spay Resident
Dog,M45344362,Completed,8-Jun-18,Surgery,HSWC Neut Resident w/other pro
Dog,M45344272,Completed,8-Jun-18,Surgery,HSWC Spay Resident
Dog,M45832353,Completed,2-Jul-18,Surgery,HSWC Spay Resident
Dog,M45832352,Completed,2-Jul-18,Surgery,HSWC Spay Resident
Dog,M45832375,Completed,2-Jul-18,Surgery,HSWC Neut Resident
Dog,M45995226,Completed,13-Jul-18,Surgery,HSWC Spay Resident
Dog,M45995198,Completed,13-Jul-18,Surgery,HSWC Neut Resident
Dog,M45995201,Completed,13-Jul-18,Surgery,HSWC Neut Resident
Dog,M45995202,Completed,13-Jul-18,Surgery,HSWC Neut Resident
Dog,M45995199,Completed,13-Jul-18,Surgery,HSWC Neut Resident
Dog,M45995200,Completed,13-Jul-18,Surgery,HSWC Neut Resident
Dog,M45995214,Completed,13-Jul-18,Surgery,HSWC Neut Resident
Dog,M45970150,Completed,12-Jul-18,Surgery,HSWC Spay Resident
Dog,M45995227,Completed,13-Jul-18,Surgery,HSWC Spay Resident
Dog,M45995228,Completed,13-Jul-18,Surgery,HSWC Spay Resident
Dog,M45995229,Completed,13-Jul-18,Surgery,HSWC Spay Resident
Dog,M45995215,Completed,13-Jul-18,Surgery,HSWC Neut Resident
Dog,M45995216,Completed,13-Jul-18,Surgery,HSWC Neut Resident
Dog,M45995217,Completed,13-Jul-18,Surgery,HSWC Neut Resident
Dog,M45995195,Completed,13-Jul-18,Surgery,HSWC Neut Resident
Dog,M45995197,Completed,13-Jul-18,Surgery,HSWC Neut Resident
Dog,M45995196,Completed,13-Jul-18,Surgery,HSWC Neut Resident
Dog,M46193435,Completed,24-Jul-18,Surgery,HSWC Neut Resident
Dog,M46028540,Completed,16-Jul-18,Surgery,Neuter
Dog,M46028458,Completed,16-Jul-18,Surgery,Neuter
Dog,M46028644,Completed,16-Jul-18,Surgery,Neuter
Dog,M45970046,Completed,12-Jul-18,Surgery,HSWC Spay Resident
Dog,M46327507,Completed,3-Aug-18,Surgery,HSWC Spay Resident
Dog,M46193461,Completed,24-Jul-18,Surgery,HSWC Neut Resident
Dog,M46349220,Completed,3-Aug-18,Surgery,HSWC Spay Resident
Dog,M46354402,Completed,3-Aug-18,Surgery,HSWC Spay Resident
Dog,M46349225,Completed,3-Aug-18,Surgery,HSWC Spay Resident
Dog,M46354414,Completed,3-Aug-18,Surgery,HSWC Neut Resident
Dog,M46354424,Completed,3-Aug-18,Surgery,HSWC Neut Resident
Dog,M46354435,Completed,3-Aug-18,Surgery,HSWC Neut Resident
Dog,M46354445,Completed,3-Aug-18,Surgery,HSWC Neut Resident
Dog,M46327553,Completed,3-Aug-18,Surgery,HSWC Neut Resident
Dog,M46458343,Completed,10-Aug-18,Surgery,HSWC Neut Resident
Dog,M46900724,Completed,7-Sep-18,Surgery,HSWC Neut Resident
Dog,M46900710,Completed,7-Sep-18,Surgery,HSWC Spay Resident
Dog,M47140814,Completed,21-Sep-18,Surgery,HSWC Spay Resident
Dog,M47140798,Completed,21-Sep-18,Surgery,HSWC Spay Resident
Dog,M47140839,Completed,21-Sep-18,Surgery,HSWC Spay Resident
Dog,M47273982,Completed,30-Sep-18,Surgery,HSWC Neut Resident
Dog,M47273991,Completed,30-Sep-18,Surgery,HSWC Neut Resident
Dog,M47273999,Completed,30-Sep-18,Surgery,HSWC Neut Resident
Dog,M47258896,Completed,25-Sep-18,Surgery,HSWC Neut Resident w/other pro
Dog,M46899878,Completed,7-Sep-18,Surgery,HSWC Spay Resident
Dog,M46900736,Completed,7-Sep-18,Surgery,HSWC Neut Resident
Dog,M46899944,Completed,7-Sep-18,Surgery,HSWC Spay Resident
Dog,M47273968,Completed,30-Sep-18,Surgery,HSWC Spay Resident
Dog,M47273974,Completed,30-Sep-18,Surgery,HSWC Spay Resident
Dog,M47273957,Completed,30-Sep-18,Surgery,HSWC Spay Resident
Dog,M47372318,Completed,5-Oct-18,Surgery,HSWC Spay Resident
Dog,M47372610,Completed,5-Oct-18,Surgery,HSWC Spay Resident
Dog,M47372611,Completed,5-Oct-18,Surgery,HSWC Spay Resident
Dog,M47372612,Completed,5-Oct-18,Surgery,HSWC Spay Resident
Dog,M47372534,Completed,5-Oct-18,Surgery,HSWC Neut Resident
Dog,M47372535,Completed,5-Oct-18,Surgery,HSWC Neut Resident
Dog,M47372536,Completed,5-Oct-18,Surgery,HSWC Neut Resident
Dog,M47372533,Completed,5-Oct-18,Surgery,HSWC Neut Resident
Dog,M47372449,Completed,5-Oct-18,Surgery,HSWC Neut Resident
Dog,M47372372,Completed,5-Oct-18,Surgery,HSWC Neut Resident
Dog,M47372613,Completed,5-Oct-18,Surgery,HSWC Spay Resident
Dog,M47599847,Completed,19-Oct-18,Surgery,HSWC Neut Resident
Dog,M47599848,Completed,19-Oct-18,Surgery,HSWC Neut Resident
Dog,M47599849,Completed,19-Oct-18,Surgery,HSWC Neut Resident
Dog,M47578676,Completed,19-Oct-18,Surgery,HSWC Neut Resident
Dog,M47478794,Completed,12-Oct-18,Surgery,HSWC Spay Resident
Dog,M47478795,Completed,12-Oct-18,Surgery,HSWC Spay Resident
Dog,M47478796,Completed,12-Oct-18,Surgery,HSWC Spay Resident
Dog,M47372532,Completed,5-Oct-18,Surgery,HSWC Neut Resident
Dog,M47372531,Completed,5-Oct-18,Surgery,HSWC Neut Resident
Dog,M47137183,Completed,21-Sep-18,Surgery,Neuter
Dog,M47137833,Completed,21-Sep-18,Surgery,Spay
Dog,M47137997,Completed,21-Sep-18,Surgery,Neuter
Dog,M47138880,Completed,21-Sep-18,Surgery,Neuter
Dog,M47578307,Completed,19-Oct-18,Surgery,HSWC Spay Resident
Dog,M47594235,Completed,19-Oct-18,Surgery,HSWC Neut Resident
Dog,M47478790,Completed,12-Oct-18,Surgery,HSWC Spay Resident
Dog,M47478791,Completed,12-Oct-18,Surgery,HSWC Spay Resident
Dog,M47478792,Completed,12-Oct-18,Surgery,HSWC Spay Resident
Dog,M47478797,Completed,12-Oct-18,Surgery,HSWC Spay Resident
Dog,M47478793,Completed,12-Oct-18,Surgery,HSWC Spay Resident
Dog,M47372615,Completed,5-Oct-18,Surgery,HSWC Spay Resident
Dog,M47273302,Completed,30-Sep-18,Surgery,HSWC Spay Resident
Dog,M47372614,Completed,5-Oct-18,Surgery,HSWC Spay Resident
Dog,M47372450,Completed,5-Oct-18,Surgery,HSWC Neut Resident
Dog,M47372448,Completed,5-Oct-18,Surgery,HSWC Neut Resident
Dog,M47578426,Completed,19-Oct-18,Surgery,HSWC Spay Resident
Dog,M47578689,Completed,19-Oct-18,Surgery,HSWC Neut Resident
Dog,M47578694,Completed,19-Oct-18,Surgery,HSWC Neut Resident
Dog,M47603173,Completed,19-Oct-18,Surgery,HSWC Neut Resident
Dog,M47910712,Completed,9-Nov-18,Surgery,HSWC Spay Resident
Dog,M47914023,Completed,9-Nov-18,Surgery,HSWC Neut Resident
Dog,M47910818,Completed,9-Nov-18,Surgery,HSWC Spay Resident
Dog,M47914421,Completed,9-Nov-18,Surgery,HSWC Spay Resident
Dog,M47914463,Completed,9-Nov-18,Surgery,HSWC Spay Resident
Dog,M48046363,Completed,16-Nov-18,Surgery,HSWC Spay Resident
Dog,M47914486,Completed,9-Nov-18,Surgery,HSWC Spay Resident
Dog,M48022052,Completed,16-Nov-18,Surgery,HSWC Neut Resident
Dog,M48046911,Completed,16-Nov-18,Surgery,HSWC Neut Resident
Dog,M47914581,Completed,9-Nov-18,Surgery,HSWC Spay Resident
Dog,M47914609,Completed,9-Nov-18,Surgery,HSWC Spay Resident
Dog,M47914961,Completed,9-Nov-18,Surgery,HSWC Spay Resident
Dog,M48046699,Completed,16-Nov-18,Surgery,HSWC Neut Resident
Dog,M48046700,Completed,16-Nov-18,Surgery,HSWC Neut Resident
Dog,M48046701,Completed,16-Nov-18,Surgery,HSWC Neut Resident
Dog,M48046702,Completed,16-Nov-18,Surgery,HSWC Neut Resident
Dog,M47913865,Completed,9-Nov-18,Surgery,HSWC Neut Resident
Dog,M47910585,Completed,9-Nov-18,Surgery,HSWC Spay Resident
Dog,M48046359,Completed,16-Nov-18,Surgery,HSWC Spay Resident
Dog,M48046360,Completed,16-Nov-18,Surgery,HSWC Spay Resident
Dog,M48046361,Completed,16-Nov-18,Surgery,HSWC Spay Resident
Dog,M48046362,Completed,16-Nov-18,Surgery,HSWC Spay Resident
Dog,M48046698,Completed,16-Nov-18,Surgery,HSWC Neut Resident
Dog,M48034966,Completed,16-Nov-18,Surgery,HSWC Spay Resident
Dog,M47913750,Completed,9-Nov-18,Surgery,HSWC Neut Resident
Dog,M47913804,Completed,9-Nov-18,Surgery,HSWC Neut Resident
Dog,M48046610,Completed,16-Nov-18,Surgery,HSWC Spay Resident
Dog,M48046611,Completed,16-Nov-18,Surgery,HSWC Spay Resident
Dog,M48468842,Completed,18-Dec-18,Surgery,HSWC Neut Resident w/other pro
Dog,M48420896,Completed,14-Dec-18,Surgery,HSWC Neut Resident
Dog,M48420897,Completed,14-Dec-18,Surgery,HSWC Neut Resident
Dog,M48420927,Completed,14-Dec-18,Surgery,HSWC Spay Resident
Dog,M48420928,Completed,14-Dec-18,Surgery,HSWC Spay Resident
Dog,M48420929,Completed,14-Dec-18,Surgery,HSWC Spay Resident
Dog,M48420716,Completed,14-Dec-18,Surgery,HSWC Spay Resident
Dog,M48420930,Completed,14-Dec-18,Surgery,HSWC Spay Resident
Dog,M48420931,Completed,14-Dec-18,Surgery,HSWC Spay Resident
Dog,M48420932,Completed,14-Dec-18,Surgery,HSWC Spay Resident
Dog,M48482433,Completed,19-Dec-18,Surgery,HSWC Neut Resident
Dog,M48482358,Completed,19-Dec-18,Surgery,HSWC Spay Resident
Dog,M48420867,Completed,14-Dec-18,Surgery,HSWC Neut Resident
Dog,M48420868,Completed,14-Dec-18,Surgery,HSWC Neut Resident
Dog,M48420869,Completed,14-Dec-18,Surgery,HSWC Neut Resident
Dog,M48420870,Completed,14-Dec-18,Surgery,HSWC Neut Resident
Dog,M48420871,Completed,14-Dec-18,Surgery,HSWC Neut Resident
Dog,M48420872,Completed,14-Dec-18,Surgery,HSWC Neut Resident
Dog,M48420873,Completed,14-Dec-18,Surgery,HSWC Neut Resident
Dog,M48584969,Completed,28-Dec-18,Surgery,HSWC Neut Resident
Dog,M48584968,Completed,28-Dec-18,Surgery,HSWC Neut Resident
Dog,M48584932,Completed,28-Dec-18,Surgery,HSWC Spay Resident
Dog,M48584931,Completed,28-Dec-18,Surgery,HSWC Spay Resident
Dog,M48584930,Completed,28-Dec-18,Surgery,HSWC Spay Resident
Dog,M48584934,Completed,28-Dec-18,Surgery,HSWC Spay Resident
Dog,M48584935,Completed,28-Dec-18,Surgery,HSWC Spay Resident
Dog,M48584936,Completed,28-Dec-18,Surgery,HSWC Spay Resident
Dog,M48584937,Completed,28-Dec-18,Surgery,HSWC Spay Resident
Dog,M48584938,Completed,28-Dec-18,Surgery,HSWC Spay Resident
Dog,M48584939,Completed,28-Dec-18,Surgery,HSWC Spay Resident
Dog,M48584970,Completed,28-Dec-18,Surgery,HSWC Neut Resident
Dog,M48584971,Completed,28-Dec-18,Surgery,HSWC Neut Resident
Dog,M48584972,Completed,28-Dec-18,Surgery,HSWC Neut Resident
Dog,M48584973,Completed,28-Dec-18,Surgery,HSWC Neut Resident
Dog,M48584974,Completed,28-Dec-18,Surgery,HSWC Neut Resident
Rabbit,M45724389,Completed,4-Jun-18,Surgery,HSWC Neut Resident
Rabbit,M45724390,Completed,4-Jun-18,Surgery,HSWC Neut Resident
Rabbit,M45021562,Completed,15-May-18,Surgery,Spay
Rabbit,M45021595,Completed,15-May-18,Surgery,Spay
Cat,M53687004,Completed,4-Oct-19,Surgery,Other Procedure
Cat,M48738444,Completed,9-Jan-19,Surgery,Spay
Cat,M48738482,Completed,9-Jan-19,Surgery,Spay
Cat,M48738513,Completed,9-Jan-19,Surgery,Spay
Cat,M48738537,Completed,9-Jan-19,Surgery,Spay
Cat,M48738584,Completed,9-Jan-19,Surgery,Neuter
Cat,M48738600,Completed,9-Jan-19,Surgery,Spay
Cat,M52124484,Completed,2-Jul-19,Surgery,Other Procedure
Cat,M49124033,Completed,8-Feb-19,Surgery,HSWC Neut Resident
Cat,M49124032,Completed,8-Feb-19,Surgery,HSWC Neut Resident
Cat,M48738646,Completed,9-Jan-19,Surgery,Spay
Cat,M49733299,Completed,15-Mar-19,Surgery,HSWC Neut Resident
Cat,M49124034,Completed,8-Feb-19,Surgery,HSWC Neut Resident
Cat,M49124035,Completed,8-Feb-19,Surgery,HSWC Neut Resident
Cat,M49124063,Completed,8-Feb-19,Surgery,HSWC Spay Resident
Cat,M49733323,Completed,15-Mar-19,Surgery,HSWC Neut Resident
Cat,M49986054,Completed,29-Mar-19,Surgery,HSWC Neut Resident
Cat,M49733204,Completed,15-Mar-19,Surgery,HSWC Spay Resident
Cat,M49986183,Completed,29-Mar-19,Surgery,HSWC Neut Resident
Cat,M49733270,Completed,15-Mar-19,Surgery,HSWC Neut Resident
Cat,M48738624,Completed,9-Jan-19,Surgery,Spay
Cat,M49114834,Completed,8-Feb-19,Surgery,HSWC Neut Resident
Cat,M48838923,Completed,18-Jan-19,Surgery,Neuter
Cat,M48839530,Completed,18-Jan-19,Surgery,Neuter
Cat,M48839540,Completed,18-Jan-19,Surgery,Neuter
Cat,M48840719,Completed,18-Jan-19,Surgery,Spay
Cat,M48841044,Completed,18-Jan-19,Surgery,Neuter
Cat,M49114833,Completed,8-Feb-19,Surgery,HSWC Neut Resident
Cat,M49281464,Completed,19-Feb-19,Surgery,HSWC Neut Resident w/other pro
Cat,M49124064,Completed,8-Feb-19,Surgery,HSWC Spay Resident
Cat,M49733352,Completed,15-Mar-19,Surgery,HSWC Neut Resident
Cat,M49733229,Completed,15-Mar-19,Surgery,HSWC Spay Resident
Cat,M49733180,Completed,15-Mar-19,Surgery,HSWC Spay Resident
Cat,M51207610,Completed,10-May-19,Surgery,HSWC Spay Resident
Cat,M50047836,Completed,29-Mar-19,Surgery,HSWC Neut Resident
Cat,M50047813,Completed,29-Mar-19,Surgery,HSWC Spay Resident w/other pro
Cat,M49898479,Completed,22-Mar-19,Surgery,Neuter
Cat,M49898785,Completed,22-Mar-19,Surgery,Neuter
Cat,M49898901,Completed,22-Mar-19,Surgery,Neuter
Cat,M49899145,Completed,22-Mar-19,Surgery,Neuter
Cat,M49899153,Completed,22-Mar-19,Surgery,Spay
Cat,M49899486,Completed,22-Mar-19,Surgery,Spay
Cat,M49899694,Completed,22-Mar-19,Surgery,Spay
Cat,M49899872,Completed,22-Mar-19,Surgery,Spay
Cat,M49899885,Completed,22-Mar-19,Surgery,Spay
Cat,M49900027,Completed,22-Mar-19,Surgery,Spay
Cat,M51201098,Completed,10-May-19,Surgery,HSWC Spay Resident
Cat,M51466357,Completed,24-May-19,Surgery,HSWC Spay Resident
Cat,M51201196,Completed,10-May-19,Surgery,HSWC Neut Resident
Cat,M52062625,Completed,28-Jun-19,Surgery,HSWC Spay Resident
Cat,M51201272,Completed,10-May-19,Surgery,HSWC Neut Resident
Cat,M51466358,Completed,24-May-19,Surgery,HSWC Spay Resident
Cat,M51201217,Completed,10-May-19,Surgery,HSWC Neut Resident
Cat,M52063504,Completed,28-Jun-19,Surgery,HSWC Neut Resident
Cat,M52063644,Completed,28-Jun-19,Surgery,HSWC Spay Resident
Cat,M52063645,Completed,28-Jun-19,Surgery,HSWC Spay Resident
Cat,M52063646,Completed,28-Jun-19,Surgery,HSWC Spay Resident
Cat,M52063505,Completed,28-Jun-19,Surgery,HSWC Neut Resident
Cat,M52636552,Completed,2-Aug-19,Surgery,HSWC Spay Resident
Cat,M52279582,Completed,12-Jul-19,Surgery,HSWC Spay Resident
Cat,M51799652,Completed,14-Jun-19,Surgery,HSWC Neut Resident
Cat,M51466359,Completed,24-May-19,Surgery,HSWC Spay Resident
Cat,M52063513,Completed,28-Jun-19,Surgery,HSWC Neut Resident
Cat,M52063514,Completed,28-Jun-19,Surgery,HSWC Neut Resident
Cat,M52063515,Completed,28-Jun-19,Surgery,HSWC Neut Resident
Cat,M52063650,Completed,28-Jun-19,Surgery,HSWC Spay Resident
Cat,M52063651,Completed,28-Jun-19,Surgery,HSWC Spay Resident
Cat,M51798028,Completed,14-Jun-19,Surgery,HSWC Neut Resident
Cat,M52636675,Completed,2-Aug-19,Surgery,HSWC Neut Resident
Cat,M52636438,Completed,2-Aug-19,Surgery,HSWC Spay Resident
Cat,M52636674,Completed,2-Aug-19,Surgery,HSWC Neut Resident
Cat,M52636439,Completed,2-Aug-19,Surgery,HSWC Spay Resident
Cat,M51799675,Completed,14-Jun-19,Surgery,HSWC Neut Resident w/other pro
Cat,M51799687,Completed,14-Jun-19,Surgery,HSWC Neut Resident w/other pro
Cat,M51798139,Completed,14-Jun-19,Surgery,HSWC Neut Resident
Cat,M51799710,Completed,14-Jun-19,Surgery,HSWC Spay Resident
Cat,M51799726,Completed,14-Jun-19,Surgery,HSWC Spay Resident
Cat,M51561403,Completed,31-May-19,Surgery,Spay
Cat,M51561473,Completed,31-May-19,Surgery,Neuter
Cat,M51561660,Completed,31-May-19,Surgery,Spay
Cat,M51562110,Completed,31-May-19,Surgery,Neuter
Cat,M51562691,Completed,31-May-19,Surgery,Neuter
Cat,M51798216,Completed,14-Jun-19,Surgery,HSWC Spay Resident
Cat,M52279583,Completed,12-Jul-19,Surgery,HSWC Spay Resident
Cat,M51798176,Completed,14-Jun-19,Surgery,HSWC Neut Resident
Cat,M52038005,Completed,28-Jun-19,Surgery,HSWC Spay Resident
Cat,M52063511,Completed,28-Jun-19,Surgery,HSWC Neut Resident
Cat,M52063512,Completed,28-Jun-19,Surgery,HSWC Neut Resident
Cat,M52636553,Completed,2-Aug-19,Surgery,HSWC Spay Resident
Cat,M52063648,Completed,28-Jun-19,Surgery,HSWC Spay Resident
Cat,M52063649,Completed,28-Jun-19,Surgery,HSWC Spay Resident
Cat,M52512576,Completed,26-Jul-19,Surgery,HSWC Spay Resident
Cat,M52512596,Completed,26-Jul-19,Surgery,HSWC Spay Resident
Cat,M52512610,Completed,26-Jul-19,Surgery,HSWC Spay Resident
Cat,M52512645,Completed,26-Jul-19,Surgery,HSWC Spay Resident
Cat,M52512739,Completed,26-Jul-19,Surgery,HSWC Neut Resident
Cat,M52512767,Completed,26-Jul-19,Surgery,HSWC Neut Resident
Cat,M52038082,Completed,28-Jun-19,Surgery,HSWC Neut Resident
Cat,M52063510,Completed,28-Jun-19,Surgery,HSWC Neut Resident
Cat,M52063508,Completed,28-Jun-19,Surgery,HSWC Neut Resident
Cat,M52063509,Completed,28-Jun-19,Surgery,HSWC Neut Resident
Cat,M52512784,Completed,26-Jul-19,Surgery,HSWC Neut Resident
Cat,M52512794,Completed,26-Jul-19,Surgery,HSWC Neut Resident
Cat,M52512810,Completed,26-Jul-19,Surgery,HSWC Neut Resident
Cat,M52602789,Completed,30-Jul-19,Surgery,HSWC Spay Resident w/other pro
Cat,M52038024,Completed,28-Jun-19,Surgery,HSWC Spay Resident
Cat,M52063647,Completed,28-Jun-19,Surgery,HSWC Spay Resident
Cat,M52063506,Completed,28-Jun-19,Surgery,HSWC Neut Resident
Cat,M52063507,Completed,28-Jun-19,Surgery,HSWC Neut Resident
Cat,M52754031,Completed,9-Aug-19,Surgery,HSWC Neut Resident
Cat,M52636595,Completed,2-Aug-19,Surgery,HSWC Spay Resident
Cat,M52276664,Completed,12-Jul-19,Surgery,HSWC Neut Resident
Cat,M52512823,Completed,26-Jul-19,Surgery,HSWC Neut Resident
Cat,M52512691,Completed,26-Jul-19,Surgery,HSWC Spay Resident
Cat,M52279548,Completed,12-Jul-19,Surgery,HSWC Neut Resident
Cat,M52279549,Completed,12-Jul-19,Surgery,HSWC Neut Resident
Cat,M52279550,Completed,12-Jul-19,Surgery,HSWC Neut Resident
Cat,M53006689,Completed,23-Aug-19,Surgery,HSWC Spay Resident
Cat,M52979324,Completed,23-Aug-19,Surgery,HSWC Spay Resident
Cat,M53007224,Completed,23-Aug-19,Surgery,HSWC Spay Resident
Cat,M53007225,Completed,23-Aug-19,Surgery,HSWC Spay Resident
Cat,M53007226,Completed,23-Aug-19,Surgery,HSWC Spay Resident
Cat,M53007227,Completed,23-Aug-19,Surgery,HSWC Spay Resident
Cat,M52979399,Completed,23-Aug-19,Surgery,HSWC Neut Resident
Cat,M52753710,Completed,9-Aug-19,Surgery,HSWC Spay Resident
Cat,M52753712,Completed,9-Aug-19,Surgery,HSWC Spay Resident
Cat,M52753713,Completed,9-Aug-19,Surgery,HSWC Spay Resident
Cat,M52264835,Completed,12-Jul-19,Surgery,Spay
Cat,M52753714,Completed,9-Aug-19,Surgery,HSWC Spay Resident
Cat,M52979432,Completed,23-Aug-19,Surgery,HSWC Neut Resident
Cat,M54753970,Completed,13-Dec-19,Surgery,HSWC Neut Resident
Cat,M52753715,Completed,9-Aug-19,Surgery,HSWC Spay Resident
Cat,M52625745,Completed,2-Aug-19,Surgery,HSWC Neut Resident
Cat,M53007321,Completed,23-Aug-19,Surgery,HSWC Spay Resident
Cat,M52979492,Completed,23-Aug-19,Surgery,HSWC Neut Resident
Cat,M52979542,Completed,23-Aug-19,Surgery,HSWC Neut Resident
Cat,M52979346,Completed,23-Aug-19,Surgery,HSWC Spay Resident
Cat,M52979585,Completed,23-Aug-19,Surgery,HSWC Neut Resident
Cat,M53318757,Completed,13-Sep-19,Surgery,HSWC Spay Resident
Cat,M53318778,Completed,13-Sep-19,Surgery,HSWC Spay Resident
Cat,M53318919,Completed,13-Sep-19,Surgery,HSWC Neut Resident
Cat,M54753559,Completed,13-Dec-19,Surgery,HSWC Spay Resident
Cat,M53318802,Completed,13-Sep-19,Surgery,HSWC Spay Resident
Cat,M53318818,Completed,13-Sep-19,Surgery,HSWC Spay Resident
Cat,M53318858,Completed,13-Sep-19,Surgery,HSWC Spay Resident
Cat,M53501030,Completed,24-Sep-19,Surgery,HSWC Neut Resident w/other pro
Cat,M54007225,Completed,25-Oct-19,Surgery,HSWC Neut Resident
Cat,M54007210,Completed,25-Oct-19,Surgery,HSWC Neut Resident
Cat,M54007133,Completed,25-Oct-19,Surgery,HSWC Spay Resident
Cat,M53687002,Completed,4-Oct-19,Surgery,Other Procedure
Cat,M53687003,Completed,4-Oct-19,Surgery,Other Procedure
Cat,M53315402,Completed,13-Sep-19,Surgery,HSWC Neut Resident
Cat,M54007179,Completed,25-Oct-19,Surgery,HSWC Neut Resident
Cat,M53316854,Completed,13-Sep-19,Surgery,Spay
Cat,M53317469,Completed,13-Sep-19,Surgery,Spay
Cat,M53317696,Completed,13-Sep-19,Surgery,Neuter
Cat,M53317800,Completed,13-Sep-19,Surgery,Neuter
Cat,M53317905,Completed,13-Sep-19,Surgery,Neuter
Cat,M54753730,Completed,13-Dec-19,Surgery,HSWC Spay Resident
Cat,M53993313,Completed,24-Oct-19,Surgery,Neuter
Cat,M53993061,Completed,24-Oct-19,Surgery,Neuter
Cat,M54459763,Completed,22-Nov-19,Surgery,HSWC Neut Resident
Cat,M54459620,Completed,22-Nov-19,Surgery,HSWC Spay Resident
Cat,M54773804,Completed,13-Dec-19,Surgery,HSWC Spay Resident
Cat,M54007146,Completed,25-Oct-19,Surgery,HSWC Spay Resident
Cat,M53993506,Completed,24-Oct-19,Surgery,Neuter
Cat,M53992913,Completed,24-Oct-19,Surgery,Neuter
Cat,M54773738,Completed,13-Dec-19,Surgery,HSWC Neut Resident
Cat,M54773739,Completed,13-Dec-19,Surgery,HSWC Neut Resident
Cat,M54553825,Completed,29-Nov-19,Surgery,HSWC Neut Resident
Cat,M54230982,Completed,8-Nov-19,Surgery,HSWC Neut Resident
Cat,M54553788,Completed,29-Nov-19,Surgery,HSWC Spay Resident
Cat,M54553824,Completed,29-Nov-19,Surgery,HSWC Neut Resident
Cat,M54773802,Completed,13-Dec-19,Surgery,HSWC Spay Resident
Cat,M54773803,Completed,13-Dec-19,Surgery,HSWC Spay Resident
Cat,M54773740,Completed,13-Dec-19,Surgery,HSWC Neut Resident
Cat,M54773741,Completed,13-Dec-19,Surgery,HSWC Neut Resident
Cat,M54755448,Completed,13-Dec-19,Surgery,Neuter
Cat,M54755531,Completed,13-Dec-19,Surgery,Neuter
Cat,M54755972,Completed,13-Dec-19,Surgery,Neuter
Cat,M54755988,Completed,13-Dec-19,Surgery,Spay
Cat,M54756478,Completed,13-Dec-19,Surgery,Neuter
Cat,M54756573,Completed,13-Dec-19,Surgery,Spay
Cat,M54757308,Completed,13-Dec-19,Surgery,Spay
Cat,M54757371,Completed,13-Dec-19,Surgery,Neuter
Cat,M54757528,Completed,13-Dec-19,Surgery,Neuter
Cat,M54757548,Completed,13-Dec-19,Surgery,Neuter
Cat,M54757909,Completed,13-Dec-19,Surgery,Neuter
Cat,M54922486,Completed,27-Dec-19,Surgery,HSWC Spay Resident
Cat,M54922505,Completed,27-Dec-19,Surgery,HSWC Spay Resident
Dog,M51180636,Completed,7-May-19,Surgery,Other Procedure
Dog,M52625799,Completed,2-Aug-19,Surgery,HSWC Neut Resident
Dog,M49281324,Completed,19-Feb-19,Surgery,HSWC Spay Resident w/other pro
Dog,M49128791,Completed,5-Feb-19,Surgery,HSWC Spay Resident
Dog,M48739413,Completed,8-Jan-19,Surgery,Spay w/other procedure
Dog,M49123912,Completed,8-Feb-19,Surgery,HSWC Spay Resident
Dog,M49124031,Completed,8-Feb-19,Surgery,HSWC Neut Resident
Dog,M49990051,Completed,26-Mar-19,Surgery,Spay
Dog,M49989960,Completed,26-Mar-19,Surgery,Spay
Dog,M49123913,Completed,8-Feb-19,Surgery,HSWC Spay Resident
Dog,M48839026,Completed,18-Jan-19,Surgery,Neuter
Dog,M48839820,Completed,18-Jan-19,Surgery,Spay
Dog,M48839838,Completed,18-Jan-19,Surgery,Spay
Dog,M48840738,Completed,18-Jan-19,Surgery,Spay
Dog,M48840896,Completed,18-Jan-19,Surgery,Spay
Dog,M48841466,Completed,18-Jan-19,Surgery,Spay
Dog,M48841731,Completed,18-Jan-19,Surgery,Spay
Dog,M48841854,Completed,18-Jan-19,Surgery,Neuter
Dog,M49124029,Completed,8-Feb-19,Surgery,HSWC Neut Resident
Dog,M49124030,Completed,8-Feb-19,Surgery,HSWC Neut Resident
Dog,M49287974,Completed,22-Feb-19,Surgery,HSWC Neut Resident
Dog,M49287991,Completed,22-Feb-19,Surgery,HSWC Neut Resident
Dog,M49123914,Completed,8-Feb-19,Surgery,HSWC Spay Resident
Dog,M49200016,Completed,15-Feb-19,Surgery,HSWC Spay Resident
Dog,M49200028,Completed,15-Feb-19,Surgery,HSWC Spay Resident
Dog,M49200041,Completed,15-Feb-19,Surgery,HSWC Spay Resident
Dog,M49199916,Completed,15-Feb-19,Surgery,HSWC Neut Resident
Dog,M49281643,Completed,21-Feb-19,Surgery,HSWC Spay Resident
Dog,M49199927,Completed,15-Feb-19,Surgery,HSWC Neut Resident
Dog,M49200051,Completed,15-Feb-19,Surgery,HSWC Spay Resident
Dog,M49199949,Completed,15-Feb-19,Surgery,HSWC Neut Resident
Dog,M49199963,Completed,15-Feb-19,Surgery,HSWC Neut Resident
Dog,M49200061,Completed,15-Feb-19,Surgery,HSWC Spay Resident
Dog,M49200073,Completed,15-Feb-19,Surgery,HSWC Spay Resident
Dog,M49199977,Completed,15-Feb-19,Surgery,HSWC Neut Resident
Dog,M49199999,Completed,15-Feb-19,Surgery,HSWC Spay Resident
Dog,M49574280,Completed,22-Feb-19,Surgery,HSWC Neut Resident
Dog,M49199988,Completed,15-Feb-19,Surgery,HSWC Neut Resident
Dog,M49574259,Completed,22-Feb-19,Surgery,HSWC Spay Resident
Dog,M49574278,Completed,22-Feb-19,Surgery,HSWC Neut Resident
Dog,M49574279,Completed,22-Feb-19,Surgery,HSWC Neut Resident
Dog,M49281646,Completed,21-Feb-19,Surgery,HSWC Spay Resident
Dog,M49281694,Completed,21-Feb-19,Surgery,HSWC Neut Resident
Dog,M49281645,Completed,21-Feb-19,Surgery,HSWC Spay Resident
Dog,M49281695,Completed,21-Feb-19,Surgery,HSWC Neut Resident
Dog,M49733246,Completed,15-Mar-19,Surgery,HSWC Neut Resident
Dog,M49286417,Completed,22-Feb-19,Surgery,Neuter
Dog,M49752588,Completed,15-Mar-19,Surgery,HSWC Neut Resident
Dog,M49752589,Completed,15-Mar-19,Surgery,HSWC Neut Resident
Dog,M49752590,Completed,15-Mar-19,Surgery,HSWC Neut Resident
Dog,M49990226,Completed,29-Mar-19,Surgery,HSWC Spay Resident
Dog,M49990244,Completed,29-Mar-19,Surgery,HSWC Spay Resident
Dog,M49990620,Completed,29-Mar-19,Surgery,HSWC Neut Resident
Dog,M49990271,Completed,29-Mar-19,Surgery,HSWC Spay Resident
Dog,M51180100,Completed,7-May-19,Surgery,HSWC Neut Resident
Dog,M49990668,Completed,29-Mar-19,Surgery,HSWC Neut Resident
Dog,M49990692,Completed,29-Mar-19,Surgery,HSWC Neut Resident
Dog,M49990711,Completed,29-Mar-19,Surgery,HSWC Neut Resident
Dog,M49990721,Completed,29-Mar-19,Surgery,HSWC Neut Resident
Dog,M49990734,Completed,29-Mar-19,Surgery,HSWC Neut Resident
Dog,M49990290,Completed,29-Mar-19,Surgery,HSWC Spay Resident
Dog,M49990348,Completed,29-Mar-19,Surgery,HSWC Spay Resident
Dog,M49990383,Completed,29-Mar-19,Surgery,HSWC Spay Resident
Dog,M50314907,Completed,23-Apr-19,Surgery,HSWC Neut Resident
Dog,M51207562,Completed,10-May-19,Surgery,HSWC Neut Resident
Dog,M50314909,Completed,23-Apr-19,Surgery,HSWC Neut Resident
Dog,M50314908,Completed,23-Apr-19,Surgery,HSWC Neut Resident
Dog,M50314929,Completed,23-Apr-19,Surgery,HSWC Spay Resident
Dog,M50314927,Completed,23-Apr-19,Surgery,HSWC Spay Resident
Dog,M50314928,Completed,23-Apr-19,Surgery,HSWC Spay Resident
Dog,M49990597,Completed,29-Mar-19,Surgery,HSWC Neut Resident
Dog,M49990747,Completed,29-Mar-19,Surgery,HSWC Neut Resident
Dog,M51207573,Completed,10-May-19,Surgery,HSWC Neut Resident
Dog,M51207592,Completed,10-May-19,Surgery,HSWC Neut Resident
Dog,M51207423,Completed,10-May-19,Surgery,HSWC Spay Resident
Dog,M51207457,Completed,10-May-19,Surgery,HSWC Spay Resident
Dog,M49990557,Completed,29-Mar-19,Surgery,HSWC Spay Resident
Dog,M51207540,Completed,10-May-19,Surgery,HSWC Spay Resident
Dog,M51207473,Completed,10-May-19,Surgery,HSWC Spay Resident
Dog,M49990578,Completed,29-Mar-19,Surgery,HSWC Spay Resident
Dog,M51207526,Completed,10-May-19,Surgery,HSWC Spay Resident
Dog,M50194087,Completed,2-Apr-19,Surgery,HSWC Neut Resident w/other pro
Dog,M51180605,Completed,7-May-19,Surgery,HSWC Neut Resident
Dog,M51200916,Completed,10-May-19,Surgery,HSWC Neut Resident
Dog,M51592301,Completed,28-May-19,Surgery,Other Procedure
Dog,M51200890,Completed,10-May-19,Surgery,HSWC Neut Resident
Dog,M51165926,Completed,7-May-19,Surgery,Neuter
Dog,M51558661,Completed,31-May-19,Surgery,Spay
Dog,M51561875,Completed,31-May-19,Surgery,Spay
Dog,M51562825,Completed,31-May-19,Surgery,Neuter
Dog,M51562923,Completed,31-May-19,Surgery,Neuter
Dog,M51563020,Completed,31-May-19,Surgery,Spay
Dog,M51563088,Completed,31-May-19,Surgery,Spay
Dog,M51563211,Completed,31-May-19,Surgery,Neuter
Dog,M51563356,Completed,31-May-19,Surgery,Neuter
Dog,M51563521,Completed,31-May-19,Surgery,Spay
Dog,M52279545,Completed,12-Jul-19,Surgery,HSWC Neut Resident
Dog,M52279546,Completed,12-Jul-19,Surgery,HSWC Neut Resident
Dog,M52279547,Completed,12-Jul-19,Surgery,HSWC Neut Resident
Dog,M52279388,Completed,12-Jul-19,Surgery,HSWC Spay Resident
Dog,M52279389,Completed,12-Jul-19,Surgery,HSWC Spay Resident
Dog,M52279390,Completed,12-Jul-19,Surgery,HSWC Spay Resident
Dog,M52540364,Completed,12-Jul-19,Surgery,HSWC Neut Resident
Dog,M52753286,Completed,9-Aug-19,Surgery,Other Procedure
Dog,M52264495,Completed,12-Jul-19,Surgery,HSWC Spay Resident
Dog,M52635672,Completed,2-Aug-19,Surgery,Other Procedure
Dog,M52264575,Completed,12-Jul-19,Surgery,HSWC Spay Resident
Dog,M52753287,Completed,9-Aug-19,Surgery,Other Procedure
Dog,M52506386,Completed,26-Jul-19,Surgery,HSWC Neut Resident
Dog,M52512518,Completed,26-Jul-19,Surgery,Other Procedure
Dog,M52512534,Completed,26-Jul-19,Surgery,Other Procedure
Dog,M52754370,Completed,9-Aug-19,Surgery,HSWC Spay Resident
Dog,M53011116,Completed,23-Aug-19,Surgery,HSWC Spay Resident
Dog,M52754371,Completed,9-Aug-19,Surgery,HSWC Spay Resident
Dog,M52754372,Completed,9-Aug-19,Surgery,HSWC Spay Resident
Dog,M53011114,Completed,23-Aug-19,Surgery,HSWC Spay Resident
Dog,M52754373,Completed,9-Aug-19,Surgery,HSWC Spay Resident
Dog,M53011115,Completed,23-Aug-19,Surgery,HSWC Spay Resident
Dog,M52754033,Completed,9-Aug-19,Surgery,HSWC Neut Resident
Dog,M52754032,Completed,9-Aug-19,Surgery,HSWC Neut Resident
Dog,M52754034,Completed,9-Aug-19,Surgery,HSWC Neut Resident
Dog,M52754035,Completed,9-Aug-19,Surgery,HSWC Neut Resident
Dog,M52625646,Completed,2-Aug-19,Surgery,Spay
Dog,M52754369,Completed,9-Aug-19,Surgery,HSWC Spay Resident
Dog,M53211303,Completed,6-Sep-19,Surgery,HSWC Neut Resident w/other pro
Dog,M53687153,Completed,4-Oct-19,Surgery,HSWC Spay Resident
Dog,M53677273,Completed,4-Oct-19,Surgery,HSWC Spay Resident
Dog,M53677274,Completed,4-Oct-19,Surgery,HSWC Spay Resident
Dog,M53677275,Completed,4-Oct-19,Surgery,HSWC Spay Resident
Dog,M53687175,Completed,4-Oct-19,Surgery,HSWC Neut Resident
Dog,M53687176,Completed,4-Oct-19,Surgery,HSWC Neut Resident
Dog,M53198613,Completed,6-Sep-19,Surgery,HSWC Neut Resident
Dog,M53198917,Completed,6-Sep-19,Surgery,HSWC Spay Resident
Dog,M53317136,Completed,13-Sep-19,Surgery,Spay
Dog,M53317248,Completed,13-Sep-19,Surgery,Neuter
Dog,M53317590,Completed,13-Sep-19,Surgery,Neuter
Dog,M54006305,Completed,25-Oct-19,Surgery,HSWC Spay Resident
Dog,M54006334,Completed,25-Oct-19,Surgery,HSWC Spay Resident
Dog,M54006465,Completed,25-Oct-19,Surgery,HSWC Neut Resident
Dog,M54006483,Completed,25-Oct-19,Surgery,HSWC Neut Resident
Dog,M54006522,Completed,25-Oct-19,Surgery,HSWC Neut Resident
Dog,M54006363,Completed,25-Oct-19,Surgery,HSWC Spay Resident
Dog,M54006385,Completed,25-Oct-19,Surgery,HSWC Spay Resident
Dog,M54006396,Completed,25-Oct-19,Surgery,HSWC Spay Resident
Dog,M54006424,Completed,25-Oct-19,Surgery,HSWC Spay Resident
Dog,M54006457,Completed,25-Oct-19,Surgery,HSWC Neut Resident
Dog,M54006438,Completed,25-Oct-19,Surgery,HSWC Neut Resident
Dog,M54006505,Completed,25-Oct-19,Surgery,HSWC Neut Resident
Dog,M53921699,Completed,18-Oct-19,Surgery,HSWC Spay Resident
Dog,M54009109,Completed,23-Oct-19,Surgery,Spay
Dog,M54009029,Completed,23-Oct-19,Surgery,Spay
Dog,M53921669,Completed,18-Oct-19,Surgery,HSWC Neut Resident
Dog,M54257211,Completed,8-Nov-19,Surgery,HSWC Neut Resident
Dog,M54257212,Completed,8-Nov-19,Surgery,HSWC Neut Resident
Dog,M54257213,Completed,8-Nov-19,Surgery,HSWC Neut Resident
Dog,M54925681,Completed,27-Dec-19,Surgery,HSWC Spay Resident
Dog,M54459254,Completed,22-Nov-19,Surgery,HSWC Spay Resident
Dog,M54459225,Completed,22-Nov-19,Surgery,HSWC Spay Resident
Dog,M54231453,Completed,8-Nov-19,Surgery,HSWC Spay Resident
Dog,M54231631,Completed,8-Nov-19,Surgery,HSWC Spay Resident
Dog,M54231661,Completed,8-Nov-19,Surgery,HSWC Spay Resident
Dog,M54231689,Completed,8-Nov-19,Surgery,HSWC Spay Resident
Dog,M54231728,Completed,8-Nov-19,Surgery,HSWC Spay Resident
Dog,M54231769,Completed,8-Nov-19,Surgery,HSWC Spay Resident
Dog,M54231831,Completed,8-Nov-19,Surgery,HSWC Neut Resident
Dog,M54231888,Completed,8-Nov-19,Surgery,HSWC Neut Resident
Dog,M54231945,Completed,8-Nov-19,Surgery,HSWC Neut Resident
Dog,M54459378,Completed,22-Nov-19,Surgery,HSWC Spay Resident
Dog,M54459397,Completed,22-Nov-19,Surgery,HSWC Neut Resident
Dog,M54459417,Completed,22-Nov-19,Surgery,HSWC Neut Resident
Dog,M54459428,Completed,22-Nov-19,Surgery,HSWC Neut Resident
Dog,M54459438,Completed,22-Nov-19,Surgery,HSWC Neut Resident
Dog,M54459463,Completed,22-Nov-19,Surgery,HSWC Neut Resident
Dog,M54459483,Completed,22-Nov-19,Surgery,HSWC Neut Resident
Dog,M54459516,Completed,22-Nov-19,Surgery,HSWC Neut Resident
Dog,M54459268,Completed,22-Nov-19,Surgery,HSWC Spay Resident
Dog,M54459307,Completed,22-Nov-19,Surgery,HSWC Spay Resident
Dog,M54459340,Completed,22-Nov-19,Surgery,HSWC Spay Resident
Dog,M54459363,Completed,22-Nov-19,Surgery,HSWC Spay Resident
Dog,M54554166,Completed,29-Nov-19,Surgery,HSWC Neut Resident
Dog,M54554167,Completed,29-Nov-19,Surgery,HSWC Neut Resident
Dog,M54554168,Completed,29-Nov-19,Surgery,HSWC Neut Resident
Dog,M54554169,Completed,29-Nov-19,Surgery,HSWC Neut Resident
Dog,M54554170,Completed,29-Nov-19,Surgery,HSWC Neut Resident
Dog,M54554330,Completed,29-Nov-19,Surgery,HSWC Neut Resident
Dog,M54756241,Completed,13-Dec-19,Surgery,Spay
Dog,M54757107,Completed,13-Dec-19,Surgery,Neuter
Dog,M54758071,Completed,13-Dec-19,Surgery,Spay
Dog,M54925711,Completed,27-Dec-19,Surgery,HSWC Neut Resident
Dog,M54925697,Completed,27-Dec-19,Surgery,HSWC Spay Resident
Dog,M54928436,Completed,27-Dec-19,Surgery,Other Procedure
Rabbit,M51799758,Completed,14-Jun-19,Surgery,HSWC Neut Resident
Rabbit,M54554460,Completed,29-Nov-19,Surgery,HSWC Spay Resident
Cat,M58601200,Completed,23-Oct-20,Surgery,Spay
Cat,M55924223,Completed,13-Mar-20,Surgery,Spay
Cat,M55185518,Completed,16-Jan-20,Surgery,HSWC Neut Resident
Cat,M55840462,Completed,6-Mar-20,Surgery,HSWC Spay Resident
Cat,M55208117,Completed,17-Jan-20,Surgery,HSWC Spay Resident
Cat,M55831572,Completed,6-Mar-20,Surgery,HSWC Neut Resident
Cat,M55394274,Completed,31-Jan-20,Surgery,HSWC Neut Resident
Cat,M55831427,Completed,6-Mar-20,Surgery,HSWC Spay Resident
Cat,M55394207,Completed,31-Jan-20,Surgery,HSWC Spay Resident
Cat,M55831450,Completed,6-Mar-20,Surgery,HSWC Spay Resident
Cat,M55394208,Completed,31-Jan-20,Surgery,HSWC Spay Resident
Cat,M55185356,Completed,16-Jan-20,Surgery,HSWC Spay Resident
Cat,M55394206,Completed,31-Jan-20,Surgery,HSWC Spay Resident
Cat,M55394273,Completed,31-Jan-20,Surgery,HSWC Neut Resident
Cat,M55009259,Completed,3-Jan-20,Surgery,HSWC Neut Resident
Cat,M55009260,Completed,3-Jan-20,Surgery,HSWC Neut Resident
Cat,M55942281,Completed,13-Mar-20,Surgery,HSWC Spay Resident
Cat,M55840660,Completed,6-Mar-20,Surgery,HSWC Neut Resident
Cat,M55840376,Completed,6-Mar-20,Surgery,HSWC Spay Resident
Cat,M55840658,Completed,6-Mar-20,Surgery,HSWC Neut Resident
Cat,M55840661,Completed,6-Mar-20,Surgery,HSWC Neut Resident
Cat,M55753979,Completed,28-Feb-20,Surgery,HSWC Spay Resident
Cat,M55840377,Completed,6-Mar-20,Surgery,HSWC Spay Resident
Cat,M55840760,Completed,6-Mar-20,Surgery,HSWC Neut Resident
Cat,M55831476,Completed,6-Mar-20,Surgery,HSWC Spay Resident
Cat,M55831592,Completed,6-Mar-20,Surgery,HSWC Neut Resident
Cat,M56588547,Completed,29-May-20,Surgery,HSWC Spay Resident
Cat,M55942284,Completed,13-Mar-20,Surgery,HSWC Spay Resident
Cat,M55942282,Completed,13-Mar-20,Surgery,HSWC Spay Resident
Cat,M55942283,Completed,13-Mar-20,Surgery,HSWC Spay Resident
Cat,M56588491,Completed,29-May-20,Surgery,HSWC Neut Resident
Cat,M56588493,Completed,29-May-20,Surgery,HSWC Neut Resident
Cat,M56588548,Completed,29-May-20,Surgery,HSWC Spay Resident
Cat,M56588549,Completed,29-May-20,Surgery,HSWC Spay Resident
Cat,M56588550,Completed,29-May-20,Surgery,HSWC Spay Resident
Cat,M56588494,Completed,29-May-20,Surgery,HSWC Neut Resident
Cat,M55924154,Completed,13-Mar-20,Surgery,HSWC Spay Resident
Cat,M55924264,Completed,13-Mar-20,Surgery,HSWC Neut Resident
Cat,M55924296,Completed,13-Mar-20,Surgery,HSWC Neut Resident
Cat,M56068939,Completed,27-Mar-20,Surgery,HSWC Neut Resident
Cat,M56068908,Completed,27-Mar-20,Surgery,HSWC Spay Resident
Cat,M56207542,Completed,17-Apr-20,Surgery,HSWC Spay Resident
Cat,M56294723,Completed,3-Apr-20,Surgery,Neuter
Cat,M56294724,Completed,3-Apr-20,Surgery,Neuter
Cat,M56253186,Completed,24-Apr-20,Surgery,HSWC Neut Resident
Cat,M56316586,Completed,1-May-20,Surgery,HSWC Spay Resident
Cat,M56588495,Completed,29-May-20,Surgery,HSWC Neut Resident
Cat,M56588492,Completed,29-May-20,Surgery,HSWC Neut Resident
Cat,M56572809,Completed,29-May-20,Surgery,Spay
Cat,M57684105,Completed,21-Aug-20,Surgery,HSWC Spay Resident
Cat,M57684855,Completed,21-Aug-20,Surgery,HSWC Neut Resident
Cat,M57114533,Completed,10-Jul-20,Surgery,HSWC Spay Resident
Cat,M57114476,Completed,10-Jul-20,Surgery,HSWC Neut Resident
Cat,M57114477,Completed,10-Jul-20,Surgery,HSWC Neut Resident
Cat,M57114705,Completed,10-Jul-20,Surgery,HSWC Spay Resident
Cat,M57114481,Completed,10-Jul-20,Surgery,HSWC Neut Resident
Cat,M56588496,Completed,29-May-20,Surgery,HSWC Neut Resident
Cat,M56588497,Completed,29-May-20,Surgery,HSWC Neut Resident
Cat,M56588498,Completed,29-May-20,Surgery,HSWC Neut Resident
Cat,M56588574,Completed,29-May-20,Surgery,HSWC Spay Resident
Cat,M57313372,Completed,24-Jul-20,Surgery,HSWC Spay Resident
Cat,M57114479,Completed,10-Jul-20,Surgery,HSWC Neut Resident
Cat,M57114480,Completed,10-Jul-20,Surgery,HSWC Neut Resident
Cat,M57114478,Completed,10-Jul-20,Surgery,HSWC Neut Resident
Cat,M57029659,Completed,3-Jul-20,Surgery,HSWC Neut Resident
Cat,M56830422,Completed,19-Jun-20,Surgery,Spay
Cat,M56831026,Completed,19-Jun-20,Surgery,Spay
Cat,M56831294,Completed,19-Jun-20,Surgery,Spay
Cat,M56831417,Completed,19-Jun-20,Surgery,Spay
Cat,M56831489,Completed,19-Jun-20,Surgery,Spay
Cat,M56831911,Completed,19-Jun-20,Surgery,Neuter
Cat,M56832314,Completed,19-Jun-20,Surgery,Neuter
Cat,M56832454,Completed,19-Jun-20,Surgery,Neuter
Cat,M56832517,Completed,19-Jun-20,Surgery,Neuter
Cat,M56832563,Completed,19-Jun-20,Surgery,Neuter
Cat,M56832618,Completed,19-Jun-20,Surgery,Spay
Cat,M56832704,Completed,19-Jun-20,Surgery,Neuter
Cat,M56832178,Completed,19-Jun-20,Surgery,Neuter
Cat,M57273958,Completed,21-Jul-20,Surgery,HSWC Neut Resident w/other pro
Cat,M57114475,Completed,10-Jul-20,Surgery,HSWC Neut Resident
Cat,M57114708,Completed,10-Jul-20,Surgery,HSWC Spay Resident
Cat,M57114709,Completed,10-Jul-20,Surgery,HSWC Spay Resident
Cat,M57114710,Completed,10-Jul-20,Surgery,HSWC Spay Resident
Cat,M57114960,Completed,10-Jul-20,Surgery,HSWC Spay Resident
Cat,M57313371,Completed,24-Jul-20,Surgery,HSWC Spay Resident
Cat,M57313373,Completed,24-Jul-20,Surgery,HSWC Spay Resident
Cat,M57684171,Completed,21-Aug-20,Surgery,HSWC Spay Resident
Cat,M57684923,Completed,21-Aug-20,Surgery,HSWC Neut Resident
Cat,M57684101,Completed,21-Aug-20,Surgery,HSWC Spay Resident
Cat,M57114706,Completed,10-Jul-20,Surgery,HSWC Spay Resident
Cat,M57684857,Completed,21-Aug-20,Surgery,HSWC Neut Resident
Cat,M56923357,Completed,26-Jun-20,Surgery,Spay
Cat,M57401610,Completed,31-Jul-20,Surgery,HSWC Spay Resident
Cat,M57114707,Completed,10-Jul-20,Surgery,HSWC Spay Resident
Cat,M57114534,Completed,10-Jul-20,Surgery,HSWC Spay Resident
Cat,M57114704,Completed,10-Jul-20,Surgery,HSWC Spay Resident
Cat,M57313370,Completed,24-Jul-20,Surgery,HSWC Spay Resident
Cat,M57401672,Completed,31-Jul-20,Surgery,HSWC Neut Resident
Cat,M57390772,Completed,31-Jul-20,Surgery,HSWC Spay Resident
Cat,M57401673,Completed,31-Jul-20,Surgery,HSWC Neut Resident
Cat,M57390726,Completed,31-Jul-20,Surgery,HSWC Spay Resident
Cat,M57684856,Completed,21-Aug-20,Surgery,HSWC Neut Resident
Cat,M57684104,Completed,21-Aug-20,Surgery,HSWC Spay Resident
Cat,M57684170,Completed,21-Aug-20,Surgery,HSWC Spay Resident
Cat,M58168591,Completed,25-Sep-20,Surgery,HSWC Neut Resident
Cat,M58168576,Completed,25-Sep-20,Surgery,HSWC Spay Resident
Cat,M58168592,Completed,25-Sep-20,Surgery,HSWC Neut Resident
Cat,M58168593,Completed,25-Sep-20,Surgery,HSWC Neut Resident
Cat,M58168594,Completed,25-Sep-20,Surgery,HSWC Neut Resident
Cat,M58168595,Completed,25-Sep-20,Surgery,HSWC Neut Resident
Cat,M58168577,Completed,25-Sep-20,Surgery,HSWC Spay Resident
Cat,M57684852,Completed,21-Aug-20,Surgery,HSWC Neut Resident
Cat,M57684853,Completed,21-Aug-20,Surgery,HSWC Neut Resident
Cat,M57684102,Completed,21-Aug-20,Surgery,HSWC Spay Resident
Cat,M57684103,Completed,21-Aug-20,Surgery,HSWC Spay Resident
Cat,M57684854,Completed,21-Aug-20,Surgery,HSWC Neut Resident
Cat,M57793562,Completed,28-Aug-20,Surgery,HSWC Spay Resident w/other pro
Cat,M57684100,Completed,21-Aug-20,Surgery,HSWC Spay Resident
Cat,M57672824,Completed,21-Aug-20,Surgery,HSWC Spay Resident
Cat,M57672941,Completed,21-Aug-20,Surgery,HSWC Spay Resident
Cat,M57673444,Completed,21-Aug-20,Surgery,HSWC Spay Resident
Cat,M57967854,Completed,11-Sep-20,Surgery,HSWC Spay Resident
Cat,M57967853,Completed,11-Sep-20,Surgery,HSWC Spay Resident
Cat,M57772901,Completed,28-Aug-20,Surgery,Spay
Cat,M57967236,Completed,8-Sep-20,Surgery,HSWC Spay Resident w/other pro
Cat,M57967728,Completed,11-Sep-20,Surgery,HSWC Neut Resident
Cat,M57967692,Completed,11-Sep-20,Surgery,HSWC Spay Resident
Cat,M57967693,Completed,11-Sep-20,Surgery,HSWC Spay Resident
Cat,M57967787,Completed,11-Sep-20,Surgery,HSWC Spay Resident
Cat,M57955557,Completed,11-Sep-20,Surgery,HSWC Spay Resident
Cat,M58708436,Completed,30-Oct-20,Surgery,HSWC Spay Resident
Cat,M58708442,Completed,30-Oct-20,Surgery,HSWC Neut Resident
Cat,M58168596,Completed,25-Sep-20,Surgery,HSWC Neut Resident
Cat,M58598750,Completed,23-Oct-20,Surgery,HSWC Neut Resident
Cat,M58606721,Completed,23-Oct-20,Surgery,Neuter
Cat,M58598724,Completed,23-Oct-20,Surgery,HSWC Spay Resident
Cat,M59225797,Completed,11-Dec-20,Surgery,HSWC Neut Resident
Cat,M59225737,Completed,11-Dec-20,Surgery,HSWC Spay Resident
Cat,M59225859,Completed,11-Dec-20,Surgery,HSWC Neut Resident
Cat,M59225672,Completed,11-Dec-20,Surgery,HSWC Spay Resident
Cat,M58602207,Completed,23-Oct-20,Surgery,Neuter
Cat,M58604617,Completed,23-Oct-20,Surgery,Spay
Cat,M58604722,Completed,23-Oct-20,Surgery,Neuter
Cat,M58605137,Completed,23-Oct-20,Surgery,Neuter
Cat,M58605146,Completed,23-Oct-20,Surgery,Neuter
Cat,M58606485,Completed,23-Oct-20,Surgery,Spay
Cat,M58606503,Completed,23-Oct-20,Surgery,Neuter
Cat,M58606991,Completed,23-Oct-20,Surgery,Neuter
Cat,M58607018,Completed,23-Oct-20,Surgery,Spay
Cat,M58607502,Completed,23-Oct-20,Surgery,Spay
Cat,M58607858,Completed,23-Oct-20,Surgery,Neuter
Cat,M58608019,Completed,23-Oct-20,Surgery,Neuter
Cat,M58705773,Completed,30-Oct-20,Surgery,HSWC Neut Resident
Cat,M58703320,Completed,30-Oct-20,Surgery,Spay
Cat,M58703248,Completed,30-Oct-20,Surgery,Neuter
Cat,M58882918,Completed,13-Nov-20,Surgery,HSWC Neut Resident
Cat,M58882807,Completed,13-Nov-20,Surgery,HSWC Spay Resident
Cat,M58884570,Completed,13-Nov-20,Surgery,Spay
Cat,M58884646,Completed,13-Nov-20,Surgery,Spay
Cat,M58884694,Completed,13-Nov-20,Surgery,Spay
Cat,M58884744,Completed,13-Nov-20,Surgery,Neuter
Cat,M58884796,Completed,13-Nov-20,Surgery,HSWC Spay Resident
Cat,M58885012,Completed,13-Nov-20,Surgery,HSWC Neut Resident
Cat,M58885134,Completed,13-Nov-20,Surgery,HSWC Neut Resident
Cat,M58885177,Completed,13-Nov-20,Surgery,HSWC Neut Resident
Cat,M58976518,Completed,20-Nov-20,Surgery,HSWC Spay Resident
Cat,M58976602,Completed,20-Nov-20,Surgery,HSWC Neut Resident
Cat,M59056737,Completed,27-Nov-20,Surgery,HSWC Spay Resident
Cat,M59052589,Completed,27-Nov-20,Surgery,HSWC Neut Resident
Cat,M59056735,Completed,27-Nov-20,Surgery,HSWC Spay Resident
Cat,M59056736,Completed,27-Nov-20,Surgery,HSWC Spay Resident
Cat,M59056691,Completed,27-Nov-20,Surgery,HSWC Neut Resident
Cat,M59056693,Completed,27-Nov-20,Surgery,HSWC Neut Resident
Cat,M59056692,Completed,27-Nov-20,Surgery,HSWC Neut Resident
Cat,M59056690,Completed,27-Nov-20,Surgery,HSWC Neut Resident
Cat,M59056694,Completed,27-Nov-20,Surgery,HSWC Neut Resident
Cat,M59056695,Completed,27-Nov-20,Surgery,HSWC Neut Resident
Cat,M59219708,Completed,11-Dec-20,Surgery,HSWC Spay Resident
Cat,M59053474,Completed,27-Nov-20,Surgery,Neuter
Cat,M59054199,Completed,27-Nov-20,Surgery,Spay
Cat,M59054241,Completed,27-Nov-20,Surgery,Spay
Cat,M59055133,Completed,27-Nov-20,Surgery,Neuter
Cat,M59055168,Completed,27-Nov-20,Surgery,Neuter
Cat,M59054323,Completed,27-Nov-20,Surgery,Spay
Cat,M59055226,Completed,27-Nov-20,Surgery,Spay
Cat,M59054360,Completed,27-Nov-20,Surgery,Neuter
Cat,M59054400,Completed,27-Nov-20,Surgery,Neuter
Cat,M59054432,Completed,27-Nov-20,Surgery,Neuter
Cat,M59054467,Completed,27-Nov-20,Surgery,Neuter
Cat,M59054495,Completed,27-Nov-20,Surgery,Neuter
Cat,M59054521,Completed,27-Nov-20,Surgery,Neuter
Cat,M59219949,Completed,11-Dec-20,Surgery,HSWC Neut Resident
Cat,M59219759,Completed,11-Dec-20,Surgery,Spay
Cat,M59232389,Completed,11-Dec-20,Surgery,HSWC Neut Resident
Cat,M59232390,Completed,11-Dec-20,Surgery,HSWC Neut Resident
Cat,M59219782,Completed,11-Dec-20,Surgery,Spay
Cat,M59219965,Completed,11-Dec-20,Surgery,HSWC Neut Resident
Dog,M57401634,Completed,31-Jul-20,Surgery,Other Procedure
Dog,M58987028,Completed,20-Nov-20,Surgery,Other Procedure
Dog,M55009200,Completed,3-Jan-20,Surgery,HSWC Neut Resident
Dog,M55009203,Completed,3-Jan-20,Surgery,HSWC Neut Resident
Dog,M55009202,Completed,3-Jan-20,Surgery,HSWC Neut Resident
Dog,M55009201,Completed,3-Jan-20,Surgery,HSWC Neut Resident
Dog,M55008850,Completed,3-Jan-20,Surgery,HSWC Spay Resident
Dog,M55008848,Completed,3-Jan-20,Surgery,HSWC Spay Resident
Dog,M55008847,Completed,3-Jan-20,Surgery,HSWC Spay Resident
Dog,M55008851,Completed,3-Jan-20,Surgery,HSWC Spay Resident
Dog,M55008852,Completed,3-Jan-20,Surgery,HSWC Spay Resident
Dog,M55008853,Completed,3-Jan-20,Surgery,HSWC Spay Resident
Dog,M55393945,Completed,31-Jan-20,Surgery,HSWC Spay Resident w/other pro
Dog,M55486475,Completed,7-Feb-20,Surgery,HSWC Neut Resident
Dog,M55486486,Completed,7-Feb-20,Surgery,HSWC Spay Resident
Dog,M55207855,Completed,17-Jan-20,Surgery,HSWC Spay Resident
Dog,M55207875,Completed,17-Jan-20,Surgery,HSWC Neut Resident
Dog,M55207856,Completed,17-Jan-20,Surgery,HSWC Spay Resident
Dog,M55207857,Completed,17-Jan-20,Surgery,HSWC Spay Resident
Dog,M55207858,Completed,17-Jan-20,Surgery,HSWC Spay Resident
Dog,M56068844,Completed,27-Mar-20,Surgery,HSWC Spay Resident
Dog,M55208004,Completed,17-Jan-20,Surgery,HSWC Spay Resident
Dog,M55208005,Completed,17-Jan-20,Surgery,HSWC Spay Resident
Dog,M55208017,Completed,17-Jan-20,Surgery,HSWC Neut Resident
Dog,M55208018,Completed,17-Jan-20,Surgery,HSWC Neut Resident
Dog,M55486473,Completed,7-Feb-20,Surgery,HSWC Neut Resident
Dog,M55486474,Completed,7-Feb-20,Surgery,HSWC Neut Resident
Dog,M55486484,Completed,7-Feb-20,Surgery,HSWC Spay Resident
Dog,M55486485,Completed,7-Feb-20,Surgery,HSWC Spay Resident
Dog,M55486470,Completed,7-Feb-20,Surgery,HSWC Neut Resident
Dog,M55486471,Completed,7-Feb-20,Surgery,HSWC Neut Resident
Dog,M55486472,Completed,7-Feb-20,Surgery,HSWC Neut Resident
Dog,M55486481,Completed,7-Feb-20,Surgery,HSWC Spay Resident
Dog,M55486482,Completed,7-Feb-20,Surgery,HSWC Spay Resident
Dog,M55486483,Completed,7-Feb-20,Surgery,HSWC Spay Resident
Dog,M56113884,Completed,3-Apr-20,Surgery,HSWC Spay Resident
Dog,M56113885,Completed,3-Apr-20,Surgery,HSWC Spay Resident
Dog,M56113886,Completed,3-Apr-20,Surgery,HSWC Spay Resident
Dog,M56113887,Completed,3-Apr-20,Surgery,HSWC Spay Resident
Dog,M56113888,Completed,3-Apr-20,Surgery,HSWC Spay Resident
Dog,M56113917,Completed,3-Apr-20,Surgery,HSWC Neut Resident
Dog,M55840879,Completed,6-Mar-20,Surgery,HSWC Spay Resident
Dog,M55840942,Completed,6-Mar-20,Surgery,HSWC Neut Resident
Dog,M55840880,Completed,6-Mar-20,Surgery,HSWC Spay Resident
Dog,M55840943,Completed,6-Mar-20,Surgery,HSWC Neut Resident
Dog,M55840881,Completed,6-Mar-20,Surgery,HSWC Spay Resident
Dog,M55840882,Completed,6-Mar-20,Surgery,HSWC Spay Resident
Dog,M55840883,Completed,6-Mar-20,Surgery,HSWC Spay Resident
Dog,M55840944,Completed,6-Mar-20,Surgery,HSWC Neut Resident
Dog,M55942959,Completed,13-Mar-20,Surgery,HSWC Neut Resident
Dog,M55942960,Completed,13-Mar-20,Surgery,HSWC Neut Resident
Dog,M55942961,Completed,13-Mar-20,Surgery,HSWC Neut Resident
Dog,M55942962,Completed,13-Mar-20,Surgery,HSWC Neut Resident
Dog,M55942979,Completed,13-Mar-20,Surgery,HSWC Spay Resident
Dog,M55942980,Completed,13-Mar-20,Surgery,HSWC Spay Resident w/other pro
Dog,M56207337,Completed,17-Apr-20,Surgery,HSWC Spay Resident
Dog,M56207540,Completed,17-Apr-20,Surgery,HSWC Neut Resident
Dog,M56207539,Completed,17-Apr-20,Surgery,HSWC Neut Resident
Dog,M56207538,Completed,17-Apr-20,Surgery,HSWC Neut Resident
Dog,M56207537,Completed,17-Apr-20,Surgery,HSWC Neut Resident
Dog,M56207535,Completed,17-Apr-20,Surgery,HSWC Neut Resident
Dog,M56207536,Completed,17-Apr-20,Surgery,HSWC Neut Resident
Dog,M56068772,Completed,27-Mar-20,Surgery,HSWC Neut Resident
Dog,M56068822,Completed,27-Mar-20,Surgery,HSWC Neut Resident
Dog,M56207534,Completed,17-Apr-20,Surgery,HSWC Neut Resident
Dog,M56207338,Completed,17-Apr-20,Surgery,HSWC Spay Resident
Dog,M56207339,Completed,17-Apr-20,Surgery,HSWC Spay Resident
Dog,M56207340,Completed,17-Apr-20,Surgery,HSWC Spay Resident
Dog,M56316631,Completed,1-May-20,Surgery,HSWC Neut Resident
Dog,M56316556,Completed,1-May-20,Surgery,HSWC Spay Resident
Dog,M56316557,Completed,1-May-20,Surgery,HSWC Spay Resident
Dog,M56375605,Completed,6-May-20,Surgery,Other Procedure
Dog,M56316558,Completed,1-May-20,Surgery,HSWC Spay Resident
Dog,M56316559,Completed,1-May-20,Surgery,HSWC Spay Resident
Dog,M56316630,Completed,1-May-20,Surgery,HSWC Neut Resident
Dog,M56316629,Completed,1-May-20,Surgery,HSWC Neut Resident
Dog,M56207350,Completed,17-Apr-20,Surgery,HSWC Spay Resident
Dog,M56316633,Completed,1-May-20,Surgery,HSWC Neut Resident
Dog,M56316634,Completed,1-May-20,Surgery,HSWC Neut Resident
Dog,M56316635,Completed,1-May-20,Surgery,HSWC Neut Resident
Dog,M56316560,Completed,1-May-20,Surgery,HSWC Spay Resident
Dog,M56316632,Completed,1-May-20,Surgery,HSWC Neut Resident
Dog,M56588387,Completed,29-May-20,Surgery,HSWC Spay Resident
Dog,M56588384,Completed,29-May-20,Surgery,HSWC Spay Resident
Dog,M56588385,Completed,29-May-20,Surgery,HSWC Spay Resident
Dog,M56588441,Completed,29-May-20,Surgery,HSWC Neut Resident
Dog,M56588386,Completed,29-May-20,Surgery,HSWC Spay Resident
Dog,M56588382,Completed,29-May-20,Surgery,HSWC Spay Resident
Dog,M56588383,Completed,29-May-20,Surgery,HSWC Spay Resident
Dog,M56833840,Completed,19-Jun-20,Surgery,HSWC Spay Resident
Dog,M56833828,Completed,19-Jun-20,Surgery,HSWC Spay Resident
Dog,M56833942,Completed,19-Jun-20,Surgery,HSWC Neut Resident
Dog,M56833896,Completed,19-Jun-20,Surgery,HSWC Neut Resident
Dog,M56833910,Completed,19-Jun-20,Surgery,HSWC Neut Resident
Dog,M56944867,Completed,26-Jun-20,Surgery,HSWC Spay Resident
Dog,M56944868,Completed,26-Jun-20,Surgery,HSWC Spay Resident
Dog,M56944869,Completed,26-Jun-20,Surgery,HSWC Spay Resident
Dog,M56944888,Completed,26-Jun-20,Surgery,HSWC Neut Resident
Dog,M56944889,Completed,26-Jun-20,Surgery,HSWC Neut Resident
Dog,M56944890,Completed,26-Jun-20,Surgery,HSWC Neut Resident
Dog,M56944891,Completed,26-Jun-20,Surgery,HSWC Neut Resident
Dog,M56828007,Completed,19-Jun-20,Surgery,HSWC Spay Resident
Dog,M56945635,Completed,26-Jun-20,Surgery,Other Procedure
Dog,M56945450,Completed,26-Jun-20,Surgery,Other Procedure
Dog,M57011999,Completed,3-Jul-20,Surgery,HSWC Neut Resident
Dog,M57793617,Completed,28-Aug-20,Surgery,HSWC Spay Resident
Dog,M57793618,Completed,28-Aug-20,Surgery,HSWC Spay Resident
Dog,M57793619,Completed,28-Aug-20,Surgery,HSWC Spay Resident
Dog,M57793620,Completed,28-Aug-20,Surgery,HSWC Spay Resident
Dog,M57793600,Completed,28-Aug-20,Surgery,HSWC Neut Resident
Dog,M57793601,Completed,28-Aug-20,Surgery,HSWC Neut Resident
Dog,M57793602,Completed,28-Aug-20,Surgery,HSWC Neut Resident
Dog,M57793603,Completed,28-Aug-20,Surgery,HSWC Neut Resident
Dog,M57313389,Completed,24-Jul-20,Surgery,HSWC Spay Resident
Dog,M57966686,Completed,11-Sep-20,Surgery,HSWC Spay Resident
Dog,M57793599,Completed,28-Aug-20,Surgery,HSWC Neut Resident
Dog,M57401633,Completed,31-Jul-20,Surgery,Other Procedure
Dog,M57313403,Completed,24-Jul-20,Surgery,HSWC Neut Resident
Dog,M57672977,Completed,21-Aug-20,Surgery,HSWC Neut Resident w/other pro
Dog,M57773515,Completed,28-Aug-20,Surgery,Neuter
Dog,M57774809,Completed,28-Aug-20,Surgery,Spay
Dog,M57774910,Completed,28-Aug-20,Surgery,Spay
Dog,M57775112,Completed,28-Aug-20,Surgery,Neuter
Dog,M57772729,Completed,28-Aug-20,Surgery,Spay
Dog,M57775046,Completed,28-Aug-20,Surgery,Spay
Dog,M58168561,Completed,25-Sep-20,Surgery,HSWC Neut Resident
Dog,M58168562,Completed,25-Sep-20,Surgery,HSWC Neut Resident
Dog,M58168563,Completed,25-Sep-20,Surgery,HSWC Neut Resident
Dog,M58168564,Completed,25-Sep-20,Surgery,HSWC Neut Resident
Dog,M58168565,Completed,25-Sep-20,Surgery,HSWC Neut Resident
Dog,M58168566,Completed,25-Sep-20,Surgery,HSWC Neut Resident
Dog,M58168773,Completed,25-Sep-20,Surgery,HSWC Neut Resident
Dog,M58607267,Completed,23-Oct-20,Surgery,Neuter
Dog,M58882417,Completed,13-Nov-20,Surgery,Spay
Dog,M58707725,Completed,30-Oct-20,Surgery,HSWC Spay Resident
Dog,M58707726,Completed,30-Oct-20,Surgery,HSWC Spay Resident
Dog,M58976394,Completed,20-Nov-20,Surgery,HSWC Neut Resident
Dog,M58707879,Completed,30-Oct-20,Surgery,HSWC Spay Resident
Dog,M58707880,Completed,30-Oct-20,Surgery,HSWC Spay Resident
Dog,M58707881,Completed,30-Oct-20,Surgery,HSWC Spay Resident
Dog,M58707891,Completed,30-Oct-20,Surgery,HSWC Neut Resident
Dog,M59239627,Completed,11-Dec-20,Surgery,HSWC Spay Resident
Dog,M59223786,Completed,11-Dec-20,Surgery,HSWC Spay Resident
Dog,M59223719,Completed,11-Dec-20,Surgery,HSWC Neut Resident
Dog,M59239656,Completed,11-Dec-20,Surgery,HSWC Neut Resident
Dog,M58598653,Completed,23-Oct-20,Surgery,HSWC Neut Resident
Dog,M58601201,Completed,23-Oct-20,Surgery,Spay
Dog,M58601426,Completed,23-Oct-20,Surgery,Spay
Dog,M58976315,Completed,20-Nov-20,Surgery,HSWC Neut Resident
Dog,M58976490,Completed,20-Nov-20,Surgery,HSWC Spay Resident
Dog,M59219617,Completed,11-Dec-20,Surgery,HSWC Neut Resident w/other pro
Dog,M59239417,Completed,11-Dec-20,Surgery,HSWC Neut Resident
Dog,M59239418,Completed,11-Dec-20,Surgery,HSWC Neut Resident
Dog,M59239419,Completed,11-Dec-20,Surgery,HSWC Neut Resident
Dog,M59239450,Completed,11-Dec-20,Surgery,HSWC Spay Resident
Dog,M59239438,Completed,11-Dec-20,Surgery,HSWC Spay Resident
Dog,M59239420,Completed,11-Dec-20,Surgery,HSWC Neut Resident
Dog,M59239421,Completed,11-Dec-20,Surgery,HSWC Neut Resident
Dog,M59239439,Completed,11-Dec-20,Surgery,HSWC Spay Resident
Dog,M59239440,Completed,11-Dec-20,Surgery,HSWC Spay Resident
Dog,M59239441,Completed,11-Dec-20,Surgery,HSWC Spay Resident
Rabbit,M55394138,Completed,31-Jan-20,Surgery,HSWC Spay Resident
Rabbit,M55394109,Completed,31-Jan-20,Surgery,HSWC Neut Resident